t_mono_ns,t_wall_ms,phase,queryid,calls,total_exec_time_ms,rows,shared_blks_hit,shared_blks_read,wal_bytes
11132821,1791606241354,warm-up,-8894892942920378276,1,0.038866,1,3,0,0
11132821,1791606241354,warm-up,-8391085108573822854,1,0.085383,1,0,0,0
11132821,1791606241354,warm-up,-8386976904770669630,1,0.011455,0,0,0,0
11132821,1791606241354,warm-up,-8370928913120278298,8,0.014194,0,0,0,0
11132821,1791606241354,warm-up,-8123548427780636181,1,0.026534000000000002,1,1,0,0
11132821,1791606241354,warm-up,-7946308772148300672,2,0.992416,2,235,0,0
11132821,1791606241354,warm-up,-7123797254970684835,1,0.016067,1,0,0,0
11132821,1791606241354,warm-up,-6638236131011848862,1,0.007441,0,0,0,0
11132821,1791606241354,warm-up,-5638688327072691020,1,0.013823,0,0,0,0
11132821,1791606241354,warm-up,-5226934016002461330,1,0.000705,0,0,0,0
11132821,1791606241354,warm-up,-3306641579492603925,1,0.01081,0,0,0,0
11132821,1791606241354,warm-up,-3038732157700431619,1,0.012043,0,0,0,0
11132821,1791606241354,warm-up,-3030805304331304231,6,0.068331,0,0,0,0
11132821,1791606241354,warm-up,-2995501991114823154,1,0.030147,1,1,0,0
11132821,1791606241354,warm-up,-2986738753027412026,1,0.011502,0,0,0,0
11132821,1791606241354,warm-up,-2837621813649206874,1,0.010972,0,0,0,0
11132821,1791606241354,warm-up,-1926227914143593049,1,0.012233,0,0,0,0
11132821,1791606241354,warm-up,-1416233318347796360,3,0.054786,3,3,0,0
11132821,1791606241354,warm-up,-1401800927507838769,1,0.01143,0,0,0,0
11132821,1791606241354,warm-up,-1118924422343236163,1,0.075518,0,4,0,0
11132821,1791606241354,warm-up,-645331814842923713,1,0.012037,0,0,0,0
11132821,1791606241354,warm-up,-606711637484675406,7,0.02749,7,0,0,0
11132821,1791606241354,warm-up,-559753582963196367,1,0.18993300000000002,3,8,0,0
11132821,1791606241354,warm-up,-432226227921245452,1,0.012142,0,0,0,0
11132821,1791606241354,warm-up,-376669909376987751,1,0.028187999999999998,1,1,0,0
11132821,1791606241354,warm-up,787604525060644957,2,0.382422,2,63,0,901
11132821,1791606241354,warm-up,2046424370835100804,10,0.556428,6,31,0,324
11132821,1791606241354,warm-up,3175560230803026983,14,0.12205900000000001,14,42,0,378
11132821,1791606241354,warm-up,3612848783009308366,1,0.011642,0,0,0,0
11132821,1791606241354,warm-up,3791407637112712575,1,0.01251,0,0,0,0
11132821,1791606241354,warm-up,4359259187362990377,7,0.061959999999999994,0,0,0,0
11132821,1791606241354,warm-up,4854991825702068830,10,0.010384999999999998,0,0,0,0
11132821,1791606241354,warm-up,4905414838559046877,1,0.012087,0,0,0,0
11132821,1791606241354,warm-up,4910648932442771049,14,0.145065,14,28,0,486
11132821,1791606241354,warm-up,5341156578784764050,1,0.072351,1,25,0,151
11132821,1791606241354,warm-up,5785814521495285163,7,14.216104999999999,7,992,0,13319
11132821,1791606241354,warm-up,5861477816100520253,5,0.06372900000000001,0,0,0,0
11132821,1791606241354,warm-up,6035115977798440899,3,0.10875499999999999,3,18,0,0
11132821,1791606241354,warm-up,6039773827682666654,1,0.012021,0,0,0,0
11132821,1791606241354,warm-up,6097083398544187049,6,0.005889,0,0,0,0
11132821,1791606241354,warm-up,6818454633350790756,1,0.010968,0,0,0,0
11132821,1791606241354,warm-up,7020724976828658555,1,0.012895,0,0,0,0
11132821,1791606241354,warm-up,8111763205457812823,1,0.010686,0,0,0,0
11132821,1791606241354,warm-up,8813755463538269433,1,0.018338,1,1,0,0
11132821,1791606241354,warm-up,8951512396917976573,1,0.007706,0,0,0,0
30245506915,1791606271589,steady,-8894892942920378276,30,163.292403,30,7636,0,196
30245506915,1791606271589,steady,-8391085108573822854,32,2.3473029999999997,32,0,0,0
30245506915,1791606271589,steady,-8386976904770669630,1,0.011455,0,0,0,0
30245506915,1791606271589,steady,-8370928913120278298,12,0.02063,0,0,0,0
30245506915,1791606271589,steady,-8123548427780636181,1,0.026534000000000002,1,1,0,0
30245506915,1791606271589,steady,-7946308772148300672,64,9.393947,64,824,0,0
30245506915,1791606271589,steady,-7874517687074514815,1,0.069855,1,11,0,0
30245506915,1791606271589,steady,-7123797254970684835,32,0.466054,32,0,0,0
30245506915,1791606271589,steady,-6978485107178497156,1,0.0053419999999999995,1,0,0,0
30245506915,1791606271589,steady,-6638236131011848862,1,0.007441,0,0,0,0
30245506915,1791606271589,steady,-5638688327072691020,1,0.013823,0,0,0,0
30245506915,1791606271589,steady,-5271094490516782207,1,2.4704390000000003,45,4,0,0
30245506915,1791606271589,steady,-5226934016002461330,1,0.000705,0,0,0,0
30245506915,1791606271589,steady,-5191732810777595558,10,2007.114488,10,0,0,0
30245506915,1791606271589,steady,-3306641579492603925,1,0.01081,0,0,0,0
30245506915,1791606271589,steady,-3038732157700431619,1,0.012043,0,0,0,0
30245506915,1791606271589,steady,-3030805304331304231,10,0.114272,0,0,0,0
30245506915,1791606271589,steady,-2995501991114823154,1,0.030147,1,1,0,0
30245506915,1791606271589,steady,-2986738753027412026,1,0.011502,0,0,0,0
30245506915,1791606271589,steady,-2837621813649206874,1,0.010972,0,0,0,0
30245506915,1791606271589,steady,-1926227914143593049,1,0.012233,0,0,0,0
30245506915,1791606271589,steady,-1416233318347796360,3,0.054786,3,3,0,0
30245506915,1791606271589,steady,-1401800927507838769,1,0.01143,0,0,0,0
30245506915,1791606271589,steady,-1118924422343236163,1,0.075518,0,4,0,0
30245506915,1791606271589,steady,-645331814842923713,1,0.012037,0,0,0,0
30245506915,1791606271589,steady,-606711637484675406,20998,115.78784900000062,20998,0,0,0
30245506915,1791606271589,steady,-559753582963196367,32,48.44177700000001,196,8,0,0
30245506915,1791606271589,steady,-432226227921245452,1,0.012142,0,0,0,0
30245506915,1791606271589,steady,-376669909376987751,1,0.028187999999999998,1,1,0,0
30245506915,1791606271589,steady,787604525060644957,2,0.382422,2,63,0,901
30245506915,1791606271589,steady,2046424370835100804,21000,905.815745,20996,495160,0,1164444
30245506915,1791606271589,steady,3175560230803026983,41994,257.42750399999915,41994,167396,0,1133838
30245506915,1791606271589,steady,3612848783009308366,1,0.011642,0,0,0,0
30245506915,1791606271589,steady,3791407637112712575,1,0.01251,0,0,0,0
30245506915,1791606271589,steady,4359259187362990377,12,0.10576699999999999,0,0,0,0
30245506915,1791606271589,steady,4854991825702068830,21001,15.66608099999989,0,0,0,0
30245506915,1791606271589,steady,4905414838559046877,1,0.012087,0,0,0,0
30245506915,1791606271589,steady,4910648932442771049,41996,738.4270410000012,41996,740952,0,84568
30245506915,1791606271589,steady,5341156578784764050,41940,1601.769805000014,41940,209835,0,6540756
30245506915,1791606271589,steady,5785814521495285163,20998,85718.55994300036,20998,2189856,0,35241715
30245506915,1791606271589,steady,5861477816100520253,10,0.117538,0,0,0,0
30245506915,1791606271589,steady,6035115977798440899,20978,544.7275670000013,20993,146453,0,0
30245506915,1791606271589,steady,6039773827682666654,1,0.012021,0,0,0,0
30245506915,1791606271589,steady,6067882952166975491,2,0.077198,4,18,0,0
30245506915,1791606271589,steady,6097083398544187049,20997,14.69129600000002,0,0,0,0
30245506915,1791606271589,steady,6818454633350790756,1,0.010968,0,0,0,0
30245506915,1791606271589,steady,7020724976828658555,1,0.012895,0,0,0,0
30245506915,1791606271589,steady,7755793998011557832,1,9.549921,1,6,0,0
30245506915,1791606271589,steady,8111763205457812823,1,0.010686,0,0,0,0
30245506915,1791606271589,steady,8813755463538269433,32,0.7968160000000001,32,32,0,0
30245506915,1791606271589,steady,8951512396917976573,1,0.007706,0,0,0,0
30245506915,1791606271589,steady,9010521442579349520,10,0.047452,10,0,0,0
91253740142,1791606332597,drain,-8894892942920378276,90,961.931244,90,44155,0,196
91253740142,1791606332597,drain,-8391085108573822854,94,6.837574000000001,94,0,0,0
91253740142,1791606332597,drain,-8386976904770669630,1,0.011455,0,0,0,0
91253740142,1791606332597,drain,-8370928913120278298,12,0.02063,0,0,0,0
91253740142,1791606332597,drain,-8123548427780636181,1,0.026534000000000002,1,1,0,0
91253740142,1791606332597,drain,-7946308772148300672,188,26.260471000000003,188,2073,0,0
91253740142,1791606332597,drain,-7874517687074514815,1,0.069855,1,11,0,0
91253740142,1791606332597,drain,-7123797254970684835,94,1.3738080000000004,94,0,0,0
91253740142,1791606332597,drain,-6978485107178497156,1,0.0053419999999999995,1,0,0,0
91253740142,1791606332597,drain,-6638236131011848862,1,0.007441,0,0,0,0
91253740142,1791606332597,drain,-5638688327072691020,1,0.013823,0,0,0,0
91253740142,1791606332597,drain,-5271094490516782207,2,4.872097,97,5,0,0
91253740142,1791606332597,drain,-5226934016002461330,1,0.000705,0,0,0,0
91253740142,1791606332597,drain,-5191732810777595558,10,2007.114488,10,0,0,0
91253740142,1791606332597,drain,-3306641579492603925,1,0.01081,0,0,0,0
91253740142,1791606332597,drain,-3038732157700431619,1,0.012043,0,0,0,0
91253740142,1791606332597,drain,-3030805304331304231,10,0.114272,0,0,0,0
91253740142,1791606332597,drain,-2995501991114823154,1,0.030147,1,1,0,0
91253740142,1791606332597,drain,-2986738753027412026,1,0.011502,0,0,0,0
91253740142,1791606332597,drain,-2837621813649206874,1,0.010972,0,0,0,0
91253740142,1791606332597,drain,-1926227914143593049,1,0.012233,0,0,0,0
91253740142,1791606332597,drain,-1416233318347796360,3,0.054786,3,3,0,0
91253740142,1791606332597,drain,-1401800927507838769,1,0.01143,0,0,0,0
91253740142,1791606332597,drain,-1118924422343236163,1,0.075518,0,4,0,0
91253740142,1791606332597,drain,-645331814842923713,1,0.012037,0,0,0,0
91253740142,1791606332597,drain,-606711637484675406,64387,350.8013310000034,64387,0,0,0
91253740142,1791606332597,drain,-559753582963196367,94,58.41119200000002,590,8,0,0
91253740142,1791606332597,drain,-432226227921245452,1,0.012142,0,0,0,0
91253740142,1791606332597,drain,-376669909376987751,1,0.028187999999999998,1,1,0,0
91253740142,1791606332597,drain,787604525060644957,2,0.382422,2,63,0,901
91253740142,1791606332597,drain,2046424370835100804,64387,2835.838739000006,64383,1681334,0,3536910
91253740142,1791606332597,drain,3175560230803026983,128774,808.3133309999782,128774,514516,0,3476898
91253740142,1791606332597,drain,3612848783009308366,1,0.011642,0,0,0,0
91253740142,1791606332597,drain,3791407637112712575,1,0.01251,0,0,0,0
91253740142,1791606332597,drain,4359259187362990377,12,0.10576699999999999,0,0,0,0
91253740142,1791606332597,drain,4854991825702068830,64387,47.71259499999986,0,0,0,0
91253740142,1791606332597,drain,4905414838559046877,1,0.012087,0,0,0,0
91253740142,1791606332597,drain,4910648932442771049,128774,2279.4185190000103,128774,2295896,0,268550
91253740142,1791606332597,drain,5341156578784764050,128662,4859.865877000054,128662,643611,0,20063349
91253740142,1791606332597,drain,5785814521495285163,64387,258960.9737759992,64387,6812876,0,107553592
91253740142,1791606332597,drain,5861477816100520253,10,0.117538,0,0,0,0
91253740142,1791606332597,drain,6035115977798440899,64345,1821.595015999998,64384,506782,0,0
91253740142,1791606332597,drain,6039773827682666654,1,0.012021,0,0,0,0
91253740142,1791606332597,drain,6067882952166975491,5,0.20078400000000002,10,48,0,0
91253740142,1791606332597,drain,6097083398544187049,64387,45.219856000000746,0,0,0,0
91253740142,1791606332597,drain,6818454633350790756,1,0.010968,0,0,0,0
91253740142,1791606332597,drain,7020724976828658555,1,0.012895,0,0,0,0
91253740142,1791606332597,drain,7755793998011557832,1,9.549921,1,6,0,0
91253740142,1791606332597,drain,8111763205457812823,1,0.010686,0,0,0,0
91253740142,1791606332597,drain,8813755463538269433,94,2.2624810000000006,94,94,0,0
91253740142,1791606332597,drain,8951512396917976573,1,0.007706,0,0,0,0
91253740142,1791606332597,drain,9010521442579349520,10,0.047452,10,0,0,0
91538953021,1791606332882,done,-9010266142068773851,1,0.007954000000000001,1,0,0,0
91538953021,1791606332882,done,-8894892942920378276,90,961.931244,90,44155,0,196
91538953021,1791606332882,done,-8391085108573822854,95,6.908661000000001,95,0,0,0
91538953021,1791606332882,done,-8386976904770669630,1,0.011455,0,0,0,0
91538953021,1791606332882,done,-8370928913120278298,12,0.02063,0,0,0,0
91538953021,1791606332882,done,-8123548427780636181,1,0.026534000000000002,1,1,0,0
91538953021,1791606332882,done,-7946308772148300672,190,26.499437000000004,190,2092,0,0
91538953021,1791606332882,done,-7874517687074514815,2,0.13583800000000001,2,22,0,0
91538953021,1791606332882,done,-7123797254970684835,95,1.3868610000000003,95,0,0,0
91538953021,1791606332882,done,-6978485107178497156,2,0.010956999999999998,2,0,0,0
91538953021,1791606332882,done,-6638236131011848862,1,0.007441,0,0,0,0
91538953021,1791606332882,done,-5638688327072691020,1,0.013823,0,0,0,0
91538953021,1791606332882,done,-5271094490516782207,3,7.033838,149,6,0,0
91538953021,1791606332882,done,-5226934016002461330,1,0.000705,0,0,0,0
91538953021,1791606332882,done,-5191732810777595558,20,4017.7911600000007,20,0,0,0
91538953021,1791606332882,done,-4278180094550480772,1,0.003105,1,0,0,0
91538953021,1791606332882,done,-3306641579492603925,1,0.01081,0,0,0,0
91538953021,1791606332882,done,-3038732157700431619,1,0.012043,0,0,0,0
91538953021,1791606332882,done,-3030805304331304231,10,0.114272,0,0,0,0
91538953021,1791606332882,done,-2995501991114823154,1,0.030147,1,1,0,0
91538953021,1791606332882,done,-2986738753027412026,1,0.011502,0,0,0,0
91538953021,1791606332882,done,-2837621813649206874,1,0.010972,0,0,0,0
91538953021,1791606332882,done,-1926227914143593049,1,0.012233,0,0,0,0
91538953021,1791606332882,done,-1416233318347796360,3,0.054786,3,3,0,0
91538953021,1791606332882,done,-1401800927507838769,1,0.01143,0,0,0,0
91538953021,1791606332882,done,-1118924422343236163,1,0.075518,0,4,0,0
91538953021,1791606332882,done,-645331814842923713,1,0.012037,0,0,0,0
91538953021,1791606332882,done,-606711637484675406,64387,350.8013310000034,64387,0,0,0
91538953021,1791606332882,done,-559753582963196367,95,58.55779500000002,592,8,0,0
91538953021,1791606332882,done,-432226227921245452,1,0.012142,0,0,0,0
91538953021,1791606332882,done,-376669909376987751,1,0.028187999999999998,1,1,0,0
91538953021,1791606332882,done,-86323926068950410,1,0.0038900000000000002,1,0,0,0
91538953021,1791606332882,done,787604525060644957,2,0.382422,2,63,0,901
91538953021,1791606332882,done,2046424370835100804,64387,2835.838739000006,64383,1681334,0,3536910
91538953021,1791606332882,done,3175560230803026983,128774,808.3133309999782,128774,514516,0,3476898
91538953021,1791606332882,done,3612848783009308366,1,0.011642,0,0,0,0
91538953021,1791606332882,done,3791407637112712575,1,0.01251,0,0,0,0
91538953021,1791606332882,done,4359259187362990377,12,0.10576699999999999,0,0,0,0
91538953021,1791606332882,done,4854991825702068830,64387,47.71259499999986,0,0,0,0
91538953021,1791606332882,done,4905414838559046877,1,0.012087,0,0,0,0
91538953021,1791606332882,done,4910648932442771049,128774,2279.4185190000103,128774,2295896,0,268550
91538953021,1791606332882,done,5341156578784764050,128662,4859.865877000054,128662,643611,0,20063349
91538953021,1791606332882,done,5785814521495285163,64387,258960.9737759992,64387,6812876,0,107553592
91538953021,1791606332882,done,5861477816100520253,10,0.117538,0,0,0,0
91538953021,1791606332882,done,6035115977798440899,64345,1821.595015999998,64384,506782,0,0
91538953021,1791606332882,done,6039773827682666654,1,0.012021,0,0,0,0
91538953021,1791606332882,done,6067882952166975491,5,0.20078400000000002,10,48,0,0
91538953021,1791606332882,done,6097083398544187049,64387,45.219856000000746,0,0,0,0
91538953021,1791606332882,done,6818454633350790756,1,0.010968,0,0,0,0
91538953021,1791606332882,done,7020724976828658555,1,0.012895,0,0,0,0
91538953021,1791606332882,done,7755793998011557832,2,18.890572,2,12,0,0
91538953021,1791606332882,done,8111763205457812823,1,0.010686,0,0,0,0
91538953021,1791606332882,done,8813755463538269433,95,2.2946910000000007,95,95,0,0
91538953021,1791606332882,done,8951512396917976573,1,0.007706,0,0,0,0
91538953021,1791606332882,done,9010521442579349520,20,0.09278000000000003,20,0,0,0
