t_mono_ns,t_wall_ms,phase,scheduled_mono_ns,late_ns,cost_ns,wall_minus_mono_ns
11125399,1791606241354,warm-up,11125068,142,1257808,0
1001033328,1791606242344,warm-up,1000000000,1033091,820112,-37
2000475295,1791606243344,warm-up,2000000000,475125,847802,11
3000550018,1791606244344,warm-up,3000000000,549848,481227,-163
4000938999,1791606245344,warm-up,4000000000,938859,851742,205
5000994757,1791606246344,warm-up,5000000000,994569,815691,-42
6000728264,1791606247344,warm-up,6000000000,728119,578707,-135
7000801243,1791606248344,warm-up,7000000000,801074,701727,113
8000939019,1791606249344,warm-up,8000000000,938859,699317,0
9000556009,1791606250344,warm-up,9000000000,555850,655894,55
10000196207,1791606251344,warm-up,10000000000,196005,510612,-196
11000216109,1791606252344,warm-up,11000000000,215945,624112,136
12000204493,1791606253344,warm-up,12000000000,204357,746279,191
13000195640,1791606254344,warm-up,13000000000,195499,632660,-233
14000099530,1791606255343,warm-up,14000000000,99351,1440361,276
15000771362,1791606256344,warm-up,15000000000,771178,498510,-391
16000137869,1791606257343,warm-up,16000000000,137734,592163,157
17000652541,1791606258344,warm-up,17000000000,652383,464273,-249
18000414833,1791606259344,warm-up,18000000000,414663,1163609,422
19000721903,1791606260344,warm-up,19000000000,721695,1449954,-374
20000485537,1791606261344,warm-up,20000000000,485363,503629,165
21000797875,1791606262344,warm-up,21000000000,797682,489920,-106
22000193953,1791606263344,warm-up,22000000000,193792,537795,-50
23000221240,1791606264344,warm-up,23000000000,221067,524778,128
24000546997,1791606265344,warm-up,24000000000,546834,1266844,-84
25000758422,1791606266344,warm-up,25000000000,758230,612405,57
26000774378,1791606267344,warm-up,26000000000,774100,734605,452
27000441038,1791606268344,warm-up,27000000000,440888,742251,288
28001016842,1791606269344,warm-up,28000000000,1016663,610899,-739
29000528692,1791606270344,warm-up,29000000000,528522,1164727,-103
30000900862,1791606271344,warm-up,30000000000,900703,670918,366
30245534429,1791606271589,steady,30245534176,46,666286,-266
31000793180,1791606272344,steady,31000000000,793017,529650,61
32000685247,1791606273344,steady,32000000000,685139,720035,27
33000516926,1791606274344,steady,33000000000,516735,558251,-127
34000476673,1791606275344,steady,34000000000,476500,1433524,56
35000148056,1791606276343,steady,35000000000,147878,647009,100
36000202794,1791606277344,steady,36000000000,202611,668964,-58
37000129306,1791606278343,steady,37000000000,129139,766092,-50
38000815740,1791606279344,steady,38000000000,815572,660157,-5
39000323938,1791606280344,steady,39000000000,323800,1457800,205
40000879107,1791606281344,steady,40000000000,878951,723714,-219
41000783347,1791606282344,steady,41000000000,783262,506155,-83
42000253220,1791606283344,steady,42000000000,253057,679613,71
43000930520,1791606284344,steady,43000000000,930339,531491,63
44000784139,1791606285344,steady,44000000000,783968,1368003,-65
45000653476,1791606286344,steady,45000000000,653326,549108,48
46000659267,1791606287344,steady,46000000000,659027,646460,72
47000097436,1791606288343,steady,47000000000,97352,839112,-59
48000919194,1791606289344,steady,48000000000,919051,611234,88
49000415379,1791606290344,steady,49000000000,415195,1400649,360
50000500072,1791606291344,steady,50000000000,499959,647208,-551
51000583629,1791606292344,steady,51000000000,583418,633353,44
52000832369,1791606293344,steady,52000000000,832197,707592,292
53000196873,1791606294344,steady,53000000000,196764,550345,-283
54001041755,1791606295344,steady,54000000000,1041594,1151919,178
55001074598,1791606296344,steady,55000000000,1074360,687546,-242
56000316538,1791606297344,steady,56000000000,316356,718823,300
57000092012,1791606298343,steady,57000000000,91820,666065,-90
58001101581,1791606299344,steady,58000000000,1101450,670608,-113
59001005675,1791606300344,steady,59000000000,1005488,1304586,440
60000556821,1791606301344,steady,60000000000,556650,623799,-482
61000728879,1791606302344,steady,61000000000,728725,603421,292
62000096429,1791606303343,steady,62000000000,96286,822510,-167
63000640045,1791606304344,steady,63000000000,639884,510576,-132
64000854165,1791606305344,steady,64000000000,854020,1139605,37
65000733003,1791606306344,steady,65000000000,732787,614971,-57
66000348750,1791606307344,steady,66000000000,348624,536116,32
67000768741,1791606308344,steady,67000000000,768546,687361,63
68000140846,1791606309343,steady,68000000000,140686,705219,37
69000748354,1791606310344,steady,69000000000,748176,1436649,-130
70000087870,1791606311343,steady,70000000000,87706,628052,65
71000551738,1791606312344,steady,71000000000,551596,749678,170
72000649519,1791606313344,steady,72000000000,649369,541005,-224
73000461429,1791606314344,steady,73000000000,461289,504381,-89
74000292699,1791606315344,steady,74000000000,292534,1549832,753
75001033579,1791606316344,steady,75000000000,1033194,585494,-628
76001122658,1791606317344,steady,76000000000,1122469,736788,55
77000731188,1791606318344,steady,77000000000,731047,581068,-10
78000805581,1791606319344,steady,78000000000,805511,505368,-99
79000248684,1791606320344,steady,79000000000,248622,1461588,475
80000195318,1791606321344,steady,80000000000,195155,638627,-360
81000727233,1791606322344,steady,81000000000,727071,581991,80
82000731643,1791606323344,steady,82000000000,731502,587466,89
83000520405,1791606324344,steady,83000000000,520217,587239,-305
84000847093,1791606325344,steady,84000000000,847037,1369550,164
85000590999,1791606326344,steady,85000000000,590866,656260,-72
86000518730,1791606327344,steady,86000000000,518490,669059,137
87000544261,1791606328344,steady,87000000000,544082,505559,-244
88001015100,1791606329344,steady,88000000000,1014921,628178,158
89000107581,1791606330343,steady,89000000000,107395,579802,-24
90001067043,1791606331344,steady,90000000000,1066864,639594,221
91000960974,1791606332344,steady,91000000000,960844,566020,-135
91253754206,1791606332597,drain,91253753986,62,506396,-141
91538968950,1791606332882,done,91538968696,52,542516,113
