t_mono_ns,t_wall_ms,phase,cpu_user,cpu_nice,cpu_system,cpu_idle,cpu_iowait,cpu_irq,cpu_softirq,cpu_steal,loadavg1,mem_available_bytes
9876797,1791601736341,warm-up,528,0,598,74723,2106,103,68,0,0.32,32827420672
1000533824,1791601737332,warm-up,551,0,614,75458,2106,108,74,0,0.32,32715214848
2000353135,1791601738331,warm-up,573,0,630,76202,2107,114,80,0,0.32,32663863296
3000875966,1791601739332,warm-up,587,0,638,76962,2107,118,85,0,0.3,32656379904
4000990989,1791601740332,warm-up,605,0,646,77722,2107,122,90,0,0.3,32692080640
5001555968,1791601741333,warm-up,629,0,661,78470,2107,128,96,0,0.3,32635105280
6000973629,1791601742332,warm-up,650,0,671,79222,2107,133,102,0,0.3,32623661056
7000710456,1791601743332,warm-up,672,0,680,79975,2107,138,108,0,0.3,32619278336
8000183472,1791601744331,warm-up,694,0,689,80720,2114,143,114,0,0.27,32623411200
9000307711,1791601745331,warm-up,716,0,698,81473,2114,148,120,0,0.27,32631140352
10003196363,1791601746334,warm-up,738,0,708,82225,2114,154,126,0,0.27,32633602048
11000139593,1791601747331,warm-up,760,0,718,82972,2114,160,132,0,0.27,32642641920
12000808012,1791601748332,warm-up,781,0,728,83719,2114,166,138,0,0.27,32649367552
13000459580,1791601749332,warm-up,801,0,738,84470,2114,172,144,0,0.25,32643862528
14000756936,1791601750332,warm-up,826,0,748,85216,2114,179,151,0,0.25,32650035200
15000655124,1791601751332,warm-up,851,0,757,85964,2114,185,157,0,0.25,32687489024
16000413355,1791601752332,warm-up,870,0,767,86712,2116,191,163,0,0.25,32674955264
17000488098,1791601753332,warm-up,891,0,779,87461,2116,197,169,0,0.25,32660791296
18000282319,1791601754331,warm-up,912,0,788,88217,2116,202,174,0,0.23,32653582336
19000419803,1791601755332,warm-up,927,0,796,88981,2119,206,178,0,0.23,32649732096
20000717801,1791601756332,warm-up,946,0,806,89735,2119,212,184,0,0.23,32643874816
21000237893,1791601757331,warm-up,970,0,820,90487,2119,218,189,0,0.23,32647639040
22000581239,1791601758332,warm-up,994,0,830,91241,2120,223,195,0,0.23,32646750208
23000747407,1791601759332,warm-up,1016,0,841,91990,2120,229,201,0,0.21,32641744896
24000352212,1791601760331,warm-up,1042,0,853,92739,2120,236,207,0,0.21,32648323072
25000531821,1791601761332,warm-up,1066,0,864,93487,2120,242,213,0,0.21,32649424896
26000469037,1791601762332,warm-up,1088,0,875,94239,2120,248,219,0,0.21,32639492096
27001036791,1791601763332,warm-up,1109,0,886,94991,2120,254,224,0,0.21,32648785920
28000427255,1791601764332,warm-up,1134,0,896,95745,2120,259,230,0,0.27,32638984192
29000758330,1791601765332,warm-up,1156,0,907,96500,2120,265,235,0,0.27,32638046208
30000802879,1791601766332,warm-up,1181,0,917,97252,2120,270,241,0,0.27,32655388672
30261495166,1791601766593,steady,1183,0,918,97457,2120,271,241,0,0.27,32681537536
31001033245,1791601767332,steady,1197,0,926,98014,2120,275,245,0,0.27,32674594816
32000195845,1791601768331,steady,1218,0,937,98767,2120,280,251,0,0.27,32658477056
33000517033,1791601769332,steady,1237,0,947,99523,2120,286,256,0,0.33,32657711104
34000459782,1791601770332,steady,1258,0,958,100280,2120,291,261,0,0.33,32657469440
35000130831,1791601771331,steady,1276,0,966,101039,2120,296,266,0,0.33,32652824576
36000672392,1791601772332,steady,1298,0,973,101796,2120,301,271,0,0.33,32656465920
37000198207,1791601773331,steady,1316,0,980,102552,2120,307,277,0,0.33,32649003008
38000824143,1791601774332,steady,1338,0,990,103305,2121,313,282,0,0.31,32662990848
39000930610,1791601775332,steady,1359,0,997,104055,2121,319,288,0,0.31,32656965632
40000655750,1791601776332,steady,1381,0,1005,104807,2121,324,294,0,0.31,32656576512
41000959108,1791601777332,steady,1403,0,1014,105559,2121,330,299,0,0.31,32658448384
42000812271,1791601778332,steady,1422,0,1023,106312,2121,336,305,0,0.31,32665280512
43000163886,1791601779331,steady,1447,0,1033,107065,2121,341,311,0,0.28,32659095552
44000812174,1791601780332,steady,1470,0,1045,107816,2121,347,316,0,0.28,32657305600
45000762694,1791601781332,steady,1493,0,1056,108569,2121,352,322,0,0.28,32647528448
46000639173,1791601782332,steady,1513,0,1065,109324,2121,358,327,0,0.28,32645464064
47000979431,1791601783332,steady,1535,0,1073,110077,2121,363,333,0,0.28,32659218432
48001048721,1791601784332,steady,1556,0,1083,110832,2121,369,338,0,0.26,32657682432
49001081770,1791601785332,steady,1577,0,1096,111584,2121,374,344,0,0.26,32659181568
50000305955,1791601786331,steady,1602,0,1107,112333,2121,380,350,0,0.26,32693829632
51001012075,1791601787332,steady,1620,0,1116,113085,2121,386,355,0,0.26,32672505856
52000894338,1791601788332,steady,1644,0,1126,113834,2121,392,361,0,0.26,32652701696
53000971073,1791601789332,steady,1663,0,1136,114590,2121,397,366,0,0.32,32658100224
54000772083,1791601790332,steady,1681,0,1144,115350,2121,402,371,0,0.32,32654229504
55000957932,1791601791332,steady,1701,0,1151,116110,2121,407,376,0,0.32,32654249984
56000993395,1791601792332,steady,1718,0,1159,116871,2121,411,381,0,0.32,32651173888
57001081372,1791601793332,steady,1739,0,1167,117629,2121,416,386,0,0.32,32652472320
58000736088,1791601794332,steady,1759,0,1176,118383,2121,422,392,0,0.29,32649920512
59000471056,1791601795332,steady,1780,0,1186,119138,2121,427,397,0,0.29,32646574080
60000941474,1791601796332,steady,1801,0,1197,119892,2121,432,402,0,0.29,32655761408
61001006469,1791601797332,steady,1822,0,1206,120646,2121,438,408,0,0.29,32652931072
62000339743,1791601798331,steady,1842,0,1220,121396,2121,444,414,0,0.29,32656084992
63000225626,1791601799331,steady,1861,0,1230,122149,2121,450,419,0,0.35,32647086080
64000463194,1791601800332,steady,1883,0,1240,122903,2121,456,424,0,0.35,32648376320
65000786970,1791601801332,steady,1902,0,1248,123659,2121,461,430,0,0.35,32642187264
66000985996,1791601802332,steady,1923,0,1256,124412,2121,467,435,0,0.35,32646086656
67000551036,1791601803332,steady,1945,0,1265,125165,2121,473,441,0,0.35,32653668352
68000570166,1791601804332,steady,1963,0,1273,125921,2122,478,446,0,0.4,32651046912
69000417531,1791601805332,steady,1980,0,1281,126677,2122,484,452,0,0.4,32650915840
70000984806,1791601806332,steady,1998,0,1288,127435,2122,489,457,0,0.4,32649117696
71000566404,1791601807332,steady,2019,0,1297,128190,2122,494,462,0,0.4,32648204288
72001110704,1791601808332,steady,2039,0,1307,128946,2122,499,467,0,0.4,32642785280
73000117553,1791601809331,steady,2062,0,1317,129696,2122,505,473,0,0.37,32678658048
74000924692,1791601810332,steady,2084,0,1327,130450,2122,511,478,0,0.37,32665649152
75000498854,1791601811332,steady,2101,0,1335,131209,2122,516,483,0,0.37,32659456000
76000304930,1791601812331,steady,2117,0,1344,131971,2122,520,487,0,0.37,32650141696
77000390567,1791601813332,steady,2130,0,1349,132738,2122,524,492,0,0.37,32648593408
78000812408,1791601814332,steady,2148,0,1357,133496,2122,530,497,0,0.34,32651718656
79000142501,1791601815331,steady,2168,0,1368,134246,2122,536,503,0,0.34,32651218944
80000714697,1791601816332,steady,2192,0,1378,134996,2122,542,509,0,0.34,32646524928
81000830274,1791601817332,steady,2216,0,1392,135741,2122,548,515,0,0.34,32644464640
82000963899,1791601818332,steady,2239,0,1403,136489,2122,555,522,0,0.34,32643178496
83000943980,1791601819332,steady,2261,0,1413,137241,2122,560,527,0,0.31,32637243392
84000733282,1791601820332,steady,2278,0,1421,138004,2122,565,531,0,0.31,32636731392
85000394425,1791601821332,steady,2302,0,1433,138752,2122,571,537,0,0.31,32642564096
86000556515,1791601822332,steady,2324,0,1443,139503,2122,578,543,0,0.31,32637923328
87000787121,1791601823332,steady,2347,0,1453,140251,2122,584,550,0,0.31,32635346944
88000829501,1791601824332,steady,2368,0,1464,140999,2123,590,556,0,0.29,32630190080
89000415092,1791601825332,steady,2392,0,1474,141746,2123,596,562,0,0.29,32627093504
90000992288,1791601826332,steady,2414,0,1485,142493,2123,602,568,0,0.29,32637464576
91000824965,1791601827332,steady,2437,0,1496,143238,2123,609,574,0,0.29,32651423744
91268049823,1791601827599,drain,2443,0,1500,143438,2123,611,576,0,0.29,32649875456
91516314211,1791601827847,done,2445,0,1501,143634,2123,612,576,0,0.29,32679776256
