t_mono_ns,t_wall_ms,phase,application_name,state,wait_event_type,wait_event,connections
9883616,1791601736341,warm-up,,active,IO,WalSync,1
9883616,1791601736341,warm-up,,idle,Client,ClientRead,1
9883616,1791601736341,warm-up,kiroku-listener,idle,Client,ClientRead,1
1000547528,1791601737332,warm-up,,active,Lock,transactionid,1
1000547528,1791601737332,warm-up,,active,Lock,tuple,2
1000547528,1791601737332,warm-up,,idle,Client,ClientRead,2
1000547528,1791601737332,warm-up,,idle in transaction,Client,ClientRead,1
1000547528,1791601737332,warm-up,kiroku-listener,idle,Client,ClientRead,1
2000434096,1791601738332,warm-up,,active,Client,ClientRead,1
2000434096,1791601738332,warm-up,,active,Lock,transactionid,1
2000434096,1791601738332,warm-up,,active,Lock,tuple,1
2000434096,1791601738332,warm-up,,active,,,1
2000434096,1791601738332,warm-up,,idle,Client,ClientRead,3
2000434096,1791601738332,warm-up,kiroku-listener,idle,Client,ClientRead,1
3000949873,1791601739332,warm-up,,active,IO,WalSync,1
3000949873,1791601739332,warm-up,,active,Lock,transactionid,1
3000949873,1791601739332,warm-up,,active,Lock,tuple,2
3000949873,1791601739332,warm-up,,active,LWLock,WALWrite,1
3000949873,1791601739332,warm-up,,idle,Client,ClientRead,2
3000949873,1791601739332,warm-up,kiroku-listener,idle,Client,ClientRead,1
4000958205,1791601740332,warm-up,,active,Client,ClientRead,1
4000958205,1791601740332,warm-up,,active,Lock,transactionid,1
4000958205,1791601740332,warm-up,,active,Lock,tuple,1
4000958205,1791601740332,warm-up,,active,,,1
4000958205,1791601740332,warm-up,,idle,Client,ClientRead,3
4000958205,1791601740332,warm-up,kiroku-listener,idle,Client,ClientRead,1
5001484539,1791601741333,warm-up,,active,IO,WalSync,1
5001484539,1791601741333,warm-up,,active,Lock,transactionid,1
5001484539,1791601741333,warm-up,,active,Lock,tuple,2
5001484539,1791601741333,warm-up,,active,LWLock,WALWrite,1
5001484539,1791601741333,warm-up,,idle,Client,ClientRead,2
5001484539,1791601741333,warm-up,kiroku-listener,idle,Client,ClientRead,1
6000945585,1791601742332,warm-up,,active,Lock,transactionid,1
6000945585,1791601742332,warm-up,,active,Lock,tuple,1
6000945585,1791601742332,warm-up,,active,,,1
6000945585,1791601742332,warm-up,,idle,Client,ClientRead,3
6000945585,1791601742332,warm-up,,idle,,,1
6000945585,1791601742332,warm-up,kiroku-listener,idle,Client,ClientRead,1
7000724656,1791601743332,warm-up,,active,Client,ClientRead,1
7000724656,1791601743332,warm-up,,active,Lock,transactionid,1
7000724656,1791601743332,warm-up,,active,Lock,tuple,1
7000724656,1791601743332,warm-up,,idle,Client,ClientRead,4
7000724656,1791601743332,warm-up,kiroku-listener,idle,Client,ClientRead,1
8000112276,1791601744331,warm-up,,active,IO,WalSync,1
8000112276,1791601744331,warm-up,,active,Lock,transactionid,1
8000112276,1791601744331,warm-up,,active,Lock,tuple,1
8000112276,1791601744331,warm-up,,active,,,2
8000112276,1791601744331,warm-up,,idle,Client,ClientRead,2
8000112276,1791601744331,warm-up,kiroku-listener,idle,Client,ClientRead,1
9000383965,1791601745331,warm-up,,active,IO,WalSync,1
9000383965,1791601745331,warm-up,,active,Lock,transactionid,1
9000383965,1791601745331,warm-up,,active,Lock,tuple,1
9000383965,1791601745331,warm-up,,active,,,1
9000383965,1791601745331,warm-up,,idle,Client,ClientRead,3
9000383965,1791601745331,warm-up,kiroku-listener,idle,Client,ClientRead,1
10003150233,1791601746334,warm-up,,active,Lock,transactionid,1
10003150233,1791601746334,warm-up,,active,Lock,tuple,1
10003150233,1791601746334,warm-up,,idle,Client,ClientRead,4
10003150233,1791601746334,warm-up,,idle in transaction,Client,ClientRead,1
10003150233,1791601746334,warm-up,kiroku-listener,idle,Client,ClientRead,1
11000154281,1791601747331,warm-up,,active,IO,WalSync,1
11000154281,1791601747331,warm-up,,active,Lock,transactionid,1
11000154281,1791601747331,warm-up,,active,Lock,tuple,2
11000154281,1791601747331,warm-up,,active,LWLock,WALWrite,1
11000154281,1791601747331,warm-up,,idle,Client,ClientRead,2
11000154281,1791601747331,warm-up,kiroku-listener,idle,Client,ClientRead,1
12000817382,1791601748332,warm-up,,active,IO,WalSync,1
12000817382,1791601748332,warm-up,,active,Lock,transactionid,1
12000817382,1791601748332,warm-up,,active,Lock,tuple,2
12000817382,1791601748332,warm-up,,idle,Client,ClientRead,3
12000817382,1791601748332,warm-up,kiroku-listener,idle,Client,ClientRead,1
13000529506,1791601749332,warm-up,,active,IO,WalSync,1
13000529506,1791601749332,warm-up,,active,Lock,transactionid,1
13000529506,1791601749332,warm-up,,active,Lock,tuple,2
13000529506,1791601749332,warm-up,,idle,Client,ClientRead,3
13000529506,1791601749332,warm-up,kiroku-listener,idle,Client,ClientRead,1
14000842766,1791601750332,warm-up,,active,Lock,transactionid,1
14000842766,1791601750332,warm-up,,active,Lock,tuple,1
14000842766,1791601750332,warm-up,,active,,,1
14000842766,1791601750332,warm-up,,idle,Client,ClientRead,3
14000842766,1791601750332,warm-up,,idle in transaction,Client,ClientRead,1
14000842766,1791601750332,warm-up,kiroku-listener,idle,Client,ClientRead,1
15000656969,1791601751332,warm-up,,active,Lock,transactionid,1
15000656969,1791601751332,warm-up,,active,Lock,tuple,1
15000656969,1791601751332,warm-up,,active,,,1
15000656969,1791601751332,warm-up,,idle,Client,ClientRead,3
15000656969,1791601751332,warm-up,,idle in transaction,Client,ClientRead,1
15000656969,1791601751332,warm-up,kiroku-listener,idle,Client,ClientRead,1
16000455312,1791601752332,warm-up,,active,IO,WalSync,1
16000455312,1791601752332,warm-up,,active,Lock,transactionid,1
16000455312,1791601752332,warm-up,,active,Lock,tuple,2
16000455312,1791601752332,warm-up,,idle,Client,ClientRead,3
16000455312,1791601752332,warm-up,kiroku-listener,idle,Client,ClientRead,1
17000533598,1791601753332,warm-up,,active,IO,WalSync,1
17000533598,1791601753332,warm-up,,active,Lock,transactionid,1
17000533598,1791601753332,warm-up,,active,Lock,tuple,2
17000533598,1791601753332,warm-up,,active,LWLock,WALWrite,1
17000533598,1791601753332,warm-up,,idle,Client,ClientRead,2
17000533598,1791601753332,warm-up,kiroku-listener,idle,Client,ClientRead,1
18000287030,1791601754331,warm-up,,active,IO,WalSync,1
18000287030,1791601754331,warm-up,,active,Lock,transactionid,1
18000287030,1791601754331,warm-up,,active,Lock,tuple,2
18000287030,1791601754331,warm-up,,idle,Client,ClientRead,3
18000287030,1791601754331,warm-up,kiroku-listener,idle,Client,ClientRead,1
19000417906,1791601755332,warm-up,,active,Lock,tuple,2
19000417906,1791601755332,warm-up,,active,,,2
19000417906,1791601755332,warm-up,,idle,Client,ClientRead,3
19000417906,1791601755332,warm-up,kiroku-listener,idle,Client,ClientRead,1
20000725406,1791601756332,warm-up,,active,IO,WalSync,1
20000725406,1791601756332,warm-up,,active,Lock,transactionid,1
20000725406,1791601756332,warm-up,,active,Lock,tuple,2
20000725406,1791601756332,warm-up,,active,LWLock,WALWrite,1
20000725406,1791601756332,warm-up,,idle,Client,ClientRead,2
20000725406,1791601756332,warm-up,kiroku-listener,idle,Client,ClientRead,1
21000225327,1791601757331,warm-up,,active,Lock,transactionid,1
21000225327,1791601757331,warm-up,,active,Lock,tuple,1
21000225327,1791601757331,warm-up,,active,,,1
21000225327,1791601757331,warm-up,,idle,Client,ClientRead,3
21000225327,1791601757331,warm-up,,idle in transaction,Client,ClientRead,1
21000225327,1791601757331,warm-up,kiroku-listener,idle,Client,ClientRead,1
22000590436,1791601758332,warm-up,,active,IO,WalSync,1
22000590436,1791601758332,warm-up,,active,Lock,transactionid,1
22000590436,1791601758332,warm-up,,active,Lock,tuple,2
22000590436,1791601758332,warm-up,,active,LWLock,WALWrite,1
22000590436,1791601758332,warm-up,,idle,Client,ClientRead,2
22000590436,1791601758332,warm-up,kiroku-listener,idle,Client,ClientRead,1
23000738900,1791601759332,warm-up,,active,IO,WalSync,1
23000738900,1791601759332,warm-up,,active,Lock,transactionid,1
23000738900,1791601759332,warm-up,,active,Lock,tuple,2
23000738900,1791601759332,warm-up,,idle,Client,ClientRead,2
23000738900,1791601759332,warm-up,,idle in transaction,Client,ClientRead,1
23000738900,1791601759332,warm-up,kiroku-listener,idle,Client,ClientRead,1
24000326101,1791601760331,warm-up,,active,Client,ClientRead,1
24000326101,1791601760331,warm-up,,active,IO,WalSync,1
24000326101,1791601760331,warm-up,,active,Lock,transactionid,1
24000326101,1791601760331,warm-up,,active,Lock,tuple,2
24000326101,1791601760331,warm-up,,idle,Client,ClientRead,2
24000326101,1791601760331,warm-up,kiroku-listener,idle,Client,ClientRead,1
25000529507,1791601761332,warm-up,,active,IO,WalSync,1
25000529507,1791601761332,warm-up,,active,Lock,transactionid,1
25000529507,1791601761332,warm-up,,active,Lock,tuple,2
25000529507,1791601761332,warm-up,,idle,Client,ClientRead,3
25000529507,1791601761332,warm-up,kiroku-listener,idle,Client,ClientRead,1
26000491717,1791601762332,warm-up,,active,IO,WalSync,1
26000491717,1791601762332,warm-up,,active,Lock,transactionid,1
26000491717,1791601762332,warm-up,,active,Lock,tuple,2
26000491717,1791601762332,warm-up,,active,LWLock,WALWrite,1
26000491717,1791601762332,warm-up,,idle,Client,ClientRead,2
26000491717,1791601762332,warm-up,kiroku-listener,idle,Client,ClientRead,1
27001039389,1791601763332,warm-up,,active,Lock,transactionid,1
27001039389,1791601763332,warm-up,,active,Lock,tuple,1
27001039389,1791601763332,warm-up,,active,,,1
27001039389,1791601763332,warm-up,,idle,Client,ClientRead,4
27001039389,1791601763332,warm-up,kiroku-listener,idle,Client,ClientRead,1
28000426745,1791601764332,warm-up,,active,Client,ClientRead,1
28000426745,1791601764332,warm-up,,active,Lock,transactionid,1
28000426745,1791601764332,warm-up,,active,Lock,tuple,1
28000426745,1791601764332,warm-up,,active,,,2
28000426745,1791601764332,warm-up,,idle,Client,ClientRead,2
28000426745,1791601764332,warm-up,kiroku-listener,idle,Client,ClientRead,1
29000758320,1791601765332,warm-up,,active,Lock,transactionid,1
29000758320,1791601765332,warm-up,,active,Lock,tuple,1
29000758320,1791601765332,warm-up,,active,,,1
29000758320,1791601765332,warm-up,,idle,Client,ClientRead,4
29000758320,1791601765332,warm-up,kiroku-listener,idle,Client,ClientRead,1
30000808081,1791601766332,warm-up,,active,Client,ClientRead,1
30000808081,1791601766332,warm-up,,active,Lock,transactionid,1
30000808081,1791601766332,warm-up,,active,Lock,tuple,1
30000808081,1791601766332,warm-up,,active,,,2
30000808081,1791601766332,warm-up,,idle,Client,ClientRead,2
30000808081,1791601766332,warm-up,kiroku-listener,idle,Client,ClientRead,1
30261418539,1791601766593,steady,,active,,,4
30261418539,1791601766593,steady,,idle,Client,ClientRead,6
30261418539,1791601766593,steady,kiroku-listener,idle,Client,ClientRead,1
31001048590,1791601767332,steady,,active,IO,WalSync,1
31001048590,1791601767332,steady,,active,Lock,transactionid,1
31001048590,1791601767332,steady,,active,Lock,tuple,2
31001048590,1791601767332,steady,,active,LWLock,WALWrite,1
31001048590,1791601767332,steady,,idle,Client,ClientRead,5
31001048590,1791601767332,steady,kiroku-listener,idle,Client,ClientRead,1
32000209205,1791601768331,steady,,active,Client,ClientRead,1
32000209205,1791601768331,steady,,active,Lock,transactionid,1
32000209205,1791601768331,steady,,active,Lock,tuple,1
32000209205,1791601768331,steady,,active,,,2
32000209205,1791601768331,steady,,idle,Client,ClientRead,5
32000209205,1791601768331,steady,kiroku-listener,idle,Client,ClientRead,1
33000524307,1791601769332,steady,,active,Lock,tuple,2
33000524307,1791601769332,steady,,active,,,1
33000524307,1791601769332,steady,,idle,Client,ClientRead,7
33000524307,1791601769332,steady,kiroku-listener,idle,,,1
34000369839,1791601770331,steady,,active,IO,WalSync,1
34000369839,1791601770331,steady,,active,Lock,transactionid,1
34000369839,1791601770331,steady,,active,,,2
34000369839,1791601770331,steady,,idle,Client,ClientRead,6
34000369839,1791601770331,steady,kiroku-listener,idle,Client,ClientRead,1
35000091738,1791601771331,steady,,active,Lock,transactionid,1
35000091738,1791601771331,steady,,active,Lock,tuple,2
35000091738,1791601771331,steady,,active,LWLock,WALWrite,1
35000091738,1791601771331,steady,,active,,,1
35000091738,1791601771331,steady,,idle,Client,ClientRead,5
35000091738,1791601771331,steady,kiroku-listener,idle,Client,ClientRead,1
36000637475,1791601772332,steady,,active,IO,WalWrite,1
36000637475,1791601772332,steady,,active,Lock,transactionid,1
36000637475,1791601772332,steady,,active,Lock,tuple,2
36000637475,1791601772332,steady,,idle,Client,ClientRead,5
36000637475,1791601772332,steady,,idle in transaction,Client,ClientRead,1
36000637475,1791601772332,steady,kiroku-listener,idle,Client,ClientRead,1
37000180833,1791601773331,steady,,active,Client,ClientRead,1
37000180833,1791601773331,steady,,active,IO,WalSync,1
37000180833,1791601773331,steady,,active,Lock,transactionid,1
37000180833,1791601773331,steady,,active,Lock,tuple,1
37000180833,1791601773331,steady,,active,,,1
37000180833,1791601773331,steady,,idle,Client,ClientRead,4
37000180833,1791601773331,steady,,idle,,,1
37000180833,1791601773331,steady,kiroku-listener,idle,Client,ClientRead,1
38000823623,1791601774332,steady,,active,Lock,tuple,1
38000823623,1791601774332,steady,,active,,,2
38000823623,1791601774332,steady,,idle,Client,ClientRead,7
38000823623,1791601774332,steady,kiroku-listener,idle,Client,ClientRead,1
39000947442,1791601775332,steady,,active,Lock,transactionid,1
39000947442,1791601775332,steady,,active,Lock,tuple,2
39000947442,1791601775332,steady,,idle,Client,ClientRead,5
39000947442,1791601775332,steady,,idle,,,1
39000947442,1791601775332,steady,,idle in transaction,,,1
39000947442,1791601775332,steady,kiroku-listener,idle,Client,ClientRead,1
40000644333,1791601776332,steady,,active,IO,WalSync,1
40000644333,1791601776332,steady,,active,Lock,transactionid,1
40000644333,1791601776332,steady,,active,Lock,tuple,2
40000644333,1791601776332,steady,,active,LWLock,WALWrite,1
40000644333,1791601776332,steady,,idle,Client,ClientRead,5
40000644333,1791601776332,steady,kiroku-listener,idle,Client,ClientRead,1
41000946544,1791601777332,steady,,active,IO,WalSync,1
41000946544,1791601777332,steady,,active,Lock,transactionid,1
41000946544,1791601777332,steady,,active,Lock,tuple,2
41000946544,1791601777332,steady,,active,LWLock,WALWrite,1
41000946544,1791601777332,steady,,idle,Client,ClientRead,5
41000946544,1791601777332,steady,kiroku-listener,idle,Client,ClientRead,1
42000782053,1791601778332,steady,,active,IO,WalSync,1
42000782053,1791601778332,steady,,active,Lock,transactionid,1
42000782053,1791601778332,steady,,active,Lock,tuple,1
42000782053,1791601778332,steady,,active,,,1
42000782053,1791601778332,steady,,idle,Client,ClientRead,6
42000782053,1791601778332,steady,kiroku-listener,idle,Client,ClientRead,1
43000161656,1791601779331,steady,,active,Lock,transactionid,1
43000161656,1791601779331,steady,,active,Lock,tuple,1
43000161656,1791601779331,steady,,active,,,1
43000161656,1791601779331,steady,,idle,Client,ClientRead,6
43000161656,1791601779331,steady,,idle in transaction,IO,WalWrite,1
43000161656,1791601779331,steady,kiroku-listener,idle,Client,ClientRead,1
44000792441,1791601780332,steady,,active,Client,ClientRead,1
44000792441,1791601780332,steady,,active,IO,WalSync,1
44000792441,1791601780332,steady,,active,Lock,transactionid,1
44000792441,1791601780332,steady,,active,Lock,tuple,1
44000792441,1791601780332,steady,,active,,,2
44000792441,1791601780332,steady,,idle,Client,ClientRead,4
44000792441,1791601780332,steady,kiroku-listener,idle,Client,ClientRead,1
45000766817,1791601781332,steady,,active,Lock,transactionid,1
45000766817,1791601781332,steady,,active,Lock,tuple,2
45000766817,1791601781332,steady,,active,LWLock,WALWrite,1
45000766817,1791601781332,steady,,active,,,1
45000766817,1791601781332,steady,,idle,Client,ClientRead,5
45000766817,1791601781332,steady,kiroku-listener,idle,Client,ClientRead,1
46000600982,1791601782332,steady,,active,IO,WalSync,1
46000600982,1791601782332,steady,,active,Lock,transactionid,1
46000600982,1791601782332,steady,,active,Lock,tuple,2
46000600982,1791601782332,steady,,active,LWLock,WALWrite,1
46000600982,1791601782332,steady,,idle,Client,ClientRead,5
46000600982,1791601782332,steady,kiroku-listener,idle,Client,ClientRead,1
47001057002,1791601783332,steady,,active,Lock,transactionid,1
47001057002,1791601783332,steady,,active,Lock,tuple,1
47001057002,1791601783332,steady,,active,,,1
47001057002,1791601783332,steady,,idle,Client,ClientRead,6
47001057002,1791601783332,steady,,idle,,,1
47001057002,1791601783332,steady,kiroku-listener,idle,Client,ClientRead,1
48001011283,1791601784332,steady,,active,IO,WalSync,1
48001011283,1791601784332,steady,,active,Lock,transactionid,1
48001011283,1791601784332,steady,,active,Lock,tuple,2
48001011283,1791601784332,steady,,active,LWLock,WALWrite,1
48001011283,1791601784332,steady,,idle,Client,ClientRead,5
48001011283,1791601784332,steady,kiroku-listener,idle,Client,ClientRead,1
49001094584,1791601785332,steady,,active,IO,WalSync,1
49001094584,1791601785332,steady,,active,Lock,tuple,1
49001094584,1791601785332,steady,,active,,,2
49001094584,1791601785332,steady,,idle,Client,ClientRead,6
49001094584,1791601785332,steady,kiroku-listener,idle,,,1
50000314231,1791601786331,steady,,active,Lock,transactionid,1
50000314231,1791601786331,steady,,active,Lock,tuple,1
50000314231,1791601786331,steady,,active,,,1
50000314231,1791601786331,steady,,idle,Client,ClientRead,6
50000314231,1791601786331,steady,,idle in transaction,Client,ClientRead,1
50000314231,1791601786331,steady,kiroku-listener,idle,Client,ClientRead,1
51001038931,1791601787332,steady,,active,IO,WalSync,1
51001038931,1791601787332,steady,,active,Lock,transactionid,1
51001038931,1791601787332,steady,,active,Lock,tuple,1
51001038931,1791601787332,steady,,active,,,1
51001038931,1791601787332,steady,,idle,Client,ClientRead,6
51001038931,1791601787332,steady,kiroku-listener,idle,Client,ClientRead,1
52000898693,1791601788332,steady,,active,IO,WalSync,1
52000898693,1791601788332,steady,,active,Lock,transactionid,1
52000898693,1791601788332,steady,,active,Lock,tuple,1
52000898693,1791601788332,steady,,active,,,1
52000898693,1791601788332,steady,,idle,Client,ClientRead,5
52000898693,1791601788332,steady,,idle in transaction,Client,ClientRead,1
52000898693,1791601788332,steady,kiroku-listener,idle,Client,ClientRead,1
53000925197,1791601789332,steady,,active,IO,WalSync,1
53000925197,1791601789332,steady,,active,Lock,transactionid,1
53000925197,1791601789332,steady,,active,Lock,tuple,1
53000925197,1791601789332,steady,,active,,,1
53000925197,1791601789332,steady,,idle,Client,ClientRead,6
53000925197,1791601789332,steady,kiroku-listener,idle,Client,ClientRead,1
54000869581,1791601790332,steady,,active,IO,WalSync,1
54000869581,1791601790332,steady,,active,Lock,transactionid,1
54000869581,1791601790332,steady,,active,Lock,tuple,2
54000869581,1791601790332,steady,,active,LWLock,WALWrite,1
54000869581,1791601790332,steady,,idle,Client,ClientRead,5
54000869581,1791601790332,steady,kiroku-listener,idle,Client,ClientRead,1
55001286588,1791601791332,steady,,active,IO,WalSync,1
55001286588,1791601791332,steady,,active,Lock,transactionid,1
55001286588,1791601791332,steady,,active,Lock,tuple,2
55001286588,1791601791332,steady,,idle,Client,ClientRead,6
55001286588,1791601791332,steady,kiroku-listener,idle,Client,ClientRead,1
56000836241,1791601792332,steady,,active,IO,WalSync,1
56000836241,1791601792332,steady,,active,Lock,transactionid,1
56000836241,1791601792332,steady,,active,Lock,tuple,2
56000836241,1791601792332,steady,,active,LWLock,WALWrite,1
56000836241,1791601792332,steady,,idle,Client,ClientRead,5
56000836241,1791601792332,steady,kiroku-listener,idle,Client,ClientRead,1
57001099733,1791601793332,steady,,active,IO,WalSync,1
57001099733,1791601793332,steady,,active,Lock,transactionid,1
57001099733,1791601793332,steady,,active,Lock,tuple,2
57001099733,1791601793332,steady,,active,LWLock,WALWrite,1
57001099733,1791601793332,steady,,idle,Client,ClientRead,5
57001099733,1791601793332,steady,kiroku-listener,idle,Client,ClientRead,1
58000721218,1791601794332,steady,,active,IO,WalSync,1
58000721218,1791601794332,steady,,active,Lock,transactionid,1
58000721218,1791601794332,steady,,active,Lock,tuple,2
58000721218,1791601794332,steady,,idle,Client,ClientRead,5
58000721218,1791601794332,steady,,idle,,,1
58000721218,1791601794332,steady,kiroku-listener,idle,Client,ClientRead,1
59000494221,1791601795332,steady,,active,IO,WalSync,1
59000494221,1791601795332,steady,,active,Lock,transactionid,1
59000494221,1791601795332,steady,,active,Lock,tuple,2
59000494221,1791601795332,steady,,idle,Client,ClientRead,5
59000494221,1791601795332,steady,,idle in transaction,,,1
59000494221,1791601795332,steady,kiroku-listener,idle,Client,ClientRead,1
60000940987,1791601796332,steady,,active,Lock,transactionid,1
60000940987,1791601796332,steady,,active,Lock,tuple,2
60000940987,1791601796332,steady,,active,LWLock,WALWrite,1
60000940987,1791601796332,steady,,active,,,1
60000940987,1791601796332,steady,,idle,Client,ClientRead,5
60000940987,1791601796332,steady,kiroku-listener,idle,Client,ClientRead,1
61000985747,1791601797332,steady,,active,Lock,transactionid,1
61000985747,1791601797332,steady,,active,Lock,tuple,1
61000985747,1791601797332,steady,,active,,,2
61000985747,1791601797332,steady,,idle,Client,ClientRead,6
61000985747,1791601797332,steady,kiroku-listener,idle,Client,ClientRead,1
62000333187,1791601798331,steady,,active,IO,WalSync,1
62000333187,1791601798331,steady,,active,Lock,transactionid,1
62000333187,1791601798331,steady,,active,Lock,tuple,2
62000333187,1791601798331,steady,,active,LWLock,WALWrite,1
62000333187,1791601798331,steady,,idle,Client,ClientRead,5
62000333187,1791601798331,steady,kiroku-listener,idle,Client,ClientRead,1
63000191090,1791601799331,steady,,active,Client,ClientRead,1
63000191090,1791601799331,steady,,active,IO,WalSync,1
63000191090,1791601799331,steady,,active,Lock,transactionid,1
63000191090,1791601799331,steady,,active,Lock,tuple,2
63000191090,1791601799331,steady,,idle,Client,ClientRead,5
63000191090,1791601799331,steady,kiroku-listener,idle,Client,ClientRead,1
64000443652,1791601800332,steady,,active,IO,WalSync,1
64000443652,1791601800332,steady,,active,Lock,transactionid,1
64000443652,1791601800332,steady,,active,Lock,tuple,2
64000443652,1791601800332,steady,,active,LWLock,WALWrite,1
64000443652,1791601800332,steady,,idle,Client,ClientRead,5
64000443652,1791601800332,steady,kiroku-listener,idle,Client,ClientRead,1
65000775765,1791601801332,steady,,active,IO,WalSync,1
65000775765,1791601801332,steady,,active,Lock,transactionid,1
65000775765,1791601801332,steady,,active,Lock,tuple,2
65000775765,1791601801332,steady,,active,LWLock,WALWrite,1
65000775765,1791601801332,steady,,idle,Client,ClientRead,5
65000775765,1791601801332,steady,kiroku-listener,idle,Client,ClientRead,1
66001003588,1791601802332,steady,,active,IO,WalSync,1
66001003588,1791601802332,steady,,active,Lock,transactionid,1
66001003588,1791601802332,steady,,active,Lock,tuple,2
66001003588,1791601802332,steady,,idle,Client,ClientRead,6
66001003588,1791601802332,steady,kiroku-listener,idle,Client,ClientRead,1
67000552931,1791601803332,steady,,active,IO,WalSync,1
67000552931,1791601803332,steady,,active,Lock,transactionid,1
67000552931,1791601803332,steady,,active,Lock,tuple,1
67000552931,1791601803332,steady,,active,,,1
67000552931,1791601803332,steady,,idle,Client,ClientRead,6
67000552931,1791601803332,steady,kiroku-listener,idle,Client,ClientRead,1
68000598068,1791601804332,steady,,active,IO,WalSync,1
68000598068,1791601804332,steady,,active,Lock,transactionid,1
68000598068,1791601804332,steady,,active,Lock,tuple,2
68000598068,1791601804332,steady,,active,LWLock,WALWrite,1
68000598068,1791601804332,steady,,idle,Client,ClientRead,5
68000598068,1791601804332,steady,kiroku-listener,idle,Client,ClientRead,1
69000449610,1791601805332,steady,,active,IO,WalSync,1
69000449610,1791601805332,steady,,active,Lock,transactionid,1
69000449610,1791601805332,steady,,active,Lock,tuple,2
69000449610,1791601805332,steady,,active,LWLock,WALWrite,1
69000449610,1791601805332,steady,,active,,,1
69000449610,1791601805332,steady,,idle,Client,ClientRead,4
69000449610,1791601805332,steady,kiroku-listener,idle,Client,ClientRead,1
70000998134,1791601806332,steady,,active,IO,WalSync,1
70000998134,1791601806332,steady,,active,Lock,transactionid,1
70000998134,1791601806332,steady,,active,Lock,tuple,2
70000998134,1791601806332,steady,,active,LWLock,WALWrite,1
70000998134,1791601806332,steady,,idle,Client,ClientRead,5
70000998134,1791601806332,steady,kiroku-listener,idle,Client,ClientRead,1
71000574992,1791601807332,steady,,active,Client,ClientRead,1
71000574992,1791601807332,steady,,active,Lock,transactionid,1
71000574992,1791601807332,steady,,active,Lock,tuple,2
71000574992,1791601807332,steady,,active,,,1
71000574992,1791601807332,steady,,idle,Client,ClientRead,5
71000574992,1791601807332,steady,kiroku-listener,idle,Client,ClientRead,1
72001122289,1791601808332,steady,,active,IO,WalSync,1
72001122289,1791601808332,steady,,active,Lock,transactionid,1
72001122289,1791601808332,steady,,active,Lock,tuple,2
72001122289,1791601808332,steady,,idle,Client,ClientRead,6
72001122289,1791601808332,steady,kiroku-listener,idle,Client,ClientRead,1
73000108963,1791601809331,steady,,active,Lock,transactionid,1
73000108963,1791601809331,steady,,active,Lock,tuple,1
73000108963,1791601809331,steady,,active,,,1
73000108963,1791601809331,steady,,idle,Client,ClientRead,7
73000108963,1791601809331,steady,kiroku-listener,idle,Client,ClientRead,1
74000923294,1791601810332,steady,,active,Client,ClientRead,1
74000923294,1791601810332,steady,,active,Lock,tuple,2
74000923294,1791601810332,steady,,active,,,1
74000923294,1791601810332,steady,,idle,Client,ClientRead,6
74000923294,1791601810332,steady,kiroku-listener,idle,Client,ClientRead,1
75000489955,1791601811332,steady,,active,Lock,transactionid,1
75000489955,1791601811332,steady,,active,Lock,tuple,1
75000489955,1791601811332,steady,,active,,,1
75000489955,1791601811332,steady,,idle,Client,ClientRead,7
75000489955,1791601811332,steady,kiroku-listener,idle,Client,ClientRead,1
76000304787,1791601812331,steady,,active,IO,WalSync,1
76000304787,1791601812331,steady,,active,Lock,tuple,1
76000304787,1791601812331,steady,,active,,,2
76000304787,1791601812331,steady,,idle,Client,ClientRead,6
76000304787,1791601812331,steady,kiroku-listener,idle,,,1
77000395402,1791601813332,steady,,active,IO,WalSync,1
77000395402,1791601813332,steady,,active,Lock,transactionid,1
77000395402,1791601813332,steady,,active,Lock,tuple,2
77000395402,1791601813332,steady,,active,LWLock,WALWrite,1
77000395402,1791601813332,steady,,idle,Client,ClientRead,5
77000395402,1791601813332,steady,kiroku-listener,idle,Client,ClientRead,1
78000767200,1791601814332,steady,,active,IO,WalSync,1
78000767200,1791601814332,steady,,active,Lock,transactionid,1
78000767200,1791601814332,steady,,active,Lock,tuple,2
78000767200,1791601814332,steady,,idle,Client,ClientRead,6
78000767200,1791601814332,steady,kiroku-listener,idle,Client,ClientRead,1
79000168481,1791601815331,steady,,active,Client,ClientRead,1
79000168481,1791601815331,steady,,active,Lock,transactionid,1
79000168481,1791601815331,steady,,active,Lock,tuple,2
79000168481,1791601815331,steady,,idle,Client,ClientRead,5
79000168481,1791601815331,steady,,idle in transaction,,,1
79000168481,1791601815331,steady,kiroku-listener,idle,Client,ClientRead,1
80000741928,1791601816332,steady,,active,IO,WalSync,1
80000741928,1791601816332,steady,,active,Lock,transactionid,1
80000741928,1791601816332,steady,,active,Lock,tuple,2
80000741928,1791601816332,steady,,active,LWLock,WALWrite,1
80000741928,1791601816332,steady,,idle,Client,ClientRead,5
80000741928,1791601816332,steady,kiroku-listener,idle,Client,ClientRead,1
81000746714,1791601817332,steady,,active,IO,WalSync,1
81000746714,1791601817332,steady,,active,Lock,transactionid,1
81000746714,1791601817332,steady,,active,Lock,tuple,1
81000746714,1791601817332,steady,,active,,,1
81000746714,1791601817332,steady,,idle,Client,ClientRead,6
81000746714,1791601817332,steady,kiroku-listener,idle,,,1
82000953478,1791601818332,steady,,active,IO,WalSync,1
82000953478,1791601818332,steady,,active,Lock,transactionid,1
82000953478,1791601818332,steady,,active,Lock,tuple,1
82000953478,1791601818332,steady,,active,,,1
82000953478,1791601818332,steady,,idle,Client,ClientRead,6
82000953478,1791601818332,steady,kiroku-listener,idle,Client,ClientRead,1
83000943912,1791601819332,steady,,active,IO,WalSync,1
83000943912,1791601819332,steady,,active,Lock,transactionid,1
83000943912,1791601819332,steady,,active,Lock,tuple,1
83000943912,1791601819332,steady,,active,,,1
83000943912,1791601819332,steady,,idle,Client,ClientRead,6
83000943912,1791601819332,steady,kiroku-listener,idle,Client,ClientRead,1
84000735406,1791601820332,steady,,active,Client,ClientRead,1
84000735406,1791601820332,steady,,active,Lock,transactionid,1
84000735406,1791601820332,steady,,active,Lock,tuple,1
84000735406,1791601820332,steady,,active,,,1
84000735406,1791601820332,steady,,idle,Client,ClientRead,4
84000735406,1791601820332,steady,,idle,,,2
84000735406,1791601820332,steady,kiroku-listener,idle,Client,ClientRead,1
85000363906,1791601821331,steady,,active,Lock,transactionid,1
85000363906,1791601821331,steady,,active,Lock,tuple,2
85000363906,1791601821331,steady,,idle,Client,ClientRead,6
85000363906,1791601821331,steady,,idle in transaction,Client,ClientRead,1
85000363906,1791601821331,steady,kiroku-listener,idle,Client,ClientRead,1
86000535658,1791601822332,steady,,active,IO,WalSync,1
86000535658,1791601822332,steady,,active,Lock,transactionid,1
86000535658,1791601822332,steady,,active,Lock,tuple,1
86000535658,1791601822332,steady,,active,,,1
86000535658,1791601822332,steady,,idle,Client,ClientRead,5
86000535658,1791601822332,steady,,idle,,,1
86000535658,1791601822332,steady,kiroku-listener,idle,Client,ClientRead,1
87000788261,1791601823332,steady,,active,Lock,transactionid,1
87000788261,1791601823332,steady,,active,Lock,tuple,1
87000788261,1791601823332,steady,,active,,,4
87000788261,1791601823332,steady,,idle,Client,ClientRead,4
87000788261,1791601823332,steady,kiroku-listener,idle,Client,ClientRead,1
88000837096,1791601824332,steady,,active,IO,WalSync,1
88000837096,1791601824332,steady,,active,Lock,transactionid,1
88000837096,1791601824332,steady,,active,Lock,tuple,1
88000837096,1791601824332,steady,,active,,,1
88000837096,1791601824332,steady,,idle,Client,ClientRead,6
88000837096,1791601824332,steady,kiroku-listener,idle,Client,ClientRead,1
89000397427,1791601825332,steady,,active,IO,WalSync,1
89000397427,1791601825332,steady,,active,Lock,transactionid,1
89000397427,1791601825332,steady,,active,Lock,tuple,2
89000397427,1791601825332,steady,,idle,Client,ClientRead,5
89000397427,1791601825332,steady,,idle,,,1
89000397427,1791601825332,steady,kiroku-listener,idle,Client,ClientRead,1
90000988882,1791601826332,steady,,active,IO,WalSync,1
90000988882,1791601826332,steady,,active,Lock,transactionid,1
90000988882,1791601826332,steady,,active,Lock,tuple,2
90000988882,1791601826332,steady,,active,LWLock,WALWrite,1
90000988882,1791601826332,steady,,idle,Client,ClientRead,5
90000988882,1791601826332,steady,kiroku-listener,idle,Client,ClientRead,1
91000809242,1791601827332,steady,,active,IO,WalSync,1
91000809242,1791601827332,steady,,active,Lock,transactionid,1
91000809242,1791601827332,steady,,active,Lock,tuple,2
91000809242,1791601827332,steady,,active,LWLock,WALWrite,1
91000809242,1791601827332,steady,,idle,Client,ClientRead,5
91000809242,1791601827332,steady,kiroku-listener,idle,Client,ClientRead,1
91269920008,1791601827601,drain,,idle,Client,ClientRead,10
91269920008,1791601827601,drain,kiroku-listener,idle,Client,ClientRead,1
91516326117,1791601827847,done,,idle,Client,ClientRead,10
91516326117,1791601827847,done,kiroku-listener,idle,Client,ClientRead,1
