t_mono_ns,t_wall_ms,phase,xact_commit,xact_rollback,blks_read,blks_hit,tup_inserted,tup_updated,tup_deleted,deadlocks,temp_bytes
9883616,1791601736341,warm-up,46,0,0,2771,0,0,0,0,0
1000547528,1791601737332,warm-up,2424,0,0,76346,2366,2348,0,0,0
2000434096,1791601738332,warm-up,3129,0,0,98914,3056,3042,0,0,0
3000949873,1791601739332,warm-up,5149,0,0,164739,5060,5057,0,0,0
4000958205,1791601740332,warm-up,7035,0,0,232436,6956,6935,0,0,0
5001484539,1791601741333,warm-up,8915,0,0,299395,8810,8807,0,0,0
6000945585,1791601742332,warm-up,11252,0,0,389404,11222,11162,0,0,0
7000724656,1791601743332,warm-up,13550,0,0,481659,13487,13449,0,0,0
8000112276,1791601744331,warm-up,15942,0,0,583673,15857,15837,0,0,0
9000383965,1791601745331,warm-up,18314,0,0,687317,18221,18194,0,0,0
10003150233,1791601746334,warm-up,20297,0,0,777202,20195,20168,0,0,0
11000154281,1791601747331,warm-up,22683,0,0,885689,22574,22549,0,0,0
12000817382,1791601748332,warm-up,25044,0,0,991890,24932,24903,0,0,0
13000529506,1791601749332,warm-up,27411,0,0,1098576,27287,27261,0,0,0
14000842766,1791601750332,warm-up,29780,0,0,1213603,29645,29618,0,0,0
15000656969,1791601751332,warm-up,32095,0,0,1327041,31955,31932,0,0,0
16000455312,1791601752332,warm-up,34422,0,0,1444448,34277,34250,0,0,0
17000533598,1791601753332,warm-up,36586,0,0,1556261,36437,36407,0,0,0
18000287030,1791601754331,warm-up,38823,0,0,1668587,38663,38640,0,0,0
19000417906,1791601755332,warm-up,40834,0,0,1770591,40661,40637,0,0,0
20000725406,1791601756332,warm-up,42241,0,0,1844333,42065,42037,0,0,0
21000225327,1791601757331,warm-up,44579,0,0,1975581,44399,44369,0,0,0
22000590436,1791601758332,warm-up,47002,0,0,2108495,46799,46779,0,0,0
23000738900,1791601759332,warm-up,49313,0,0,2244087,49130,49099,0,0,0
24000326101,1791601760331,warm-up,51731,0,0,2384865,51539,51507,0,0,0
25000529507,1791601761332,warm-up,54143,0,0,2533091,53945,53912,0,0,0
26000491717,1791601762332,warm-up,56607,0,0,2685023,56405,56371,0,0,0
27001039389,1791601763332,warm-up,59058,0,0,2837412,58844,58816,0,0,0
28000426745,1791601764332,warm-up,61338,0,0,2982681,61118,61085,0,0,0
29000758320,1791601765332,warm-up,63623,0,0,3131146,63392,63362,0,0,0
30000808081,1791601766332,warm-up,65896,0,0,3285284,65666,65635,0,0,0
30261418539,1791601766593,steady,68046,0,0,3433534,67775,67747,0,0,0
31001048590,1791601767332,steady,68046,0,0,3433534,67775,67747,0,0,0
32000209205,1791601768331,steady,70228,0,0,3558937,69947,69914,0,0,0
33000524307,1791601769332,steady,72385,0,0,3686586,72098,72066,0,0,0
34000369839,1791601770331,steady,74507,0,0,3815020,74213,74181,0,0,0
35000091738,1791601771331,steady,76414,0,0,3933447,76121,76085,0,0,0
36000637475,1791601772332,steady,78471,0,0,4066542,78176,78136,0,0,0
37000180833,1791601773331,steady,80591,0,0,4203476,80291,80254,0,0,0
38000823623,1791601774332,steady,82829,0,0,4347768,82526,82486,0,0,0
39000947442,1791601775332,steady,85254,0,0,4499863,84938,84898,0,0,0
40000644333,1791601776332,steady,87724,0,0,4656750,87401,87362,0,0,0
41000946544,1791601777332,steady,90127,0,0,4812166,89798,89757,0,0,0
42000782053,1791601778332,steady,92506,0,0,4967319,92165,92127,0,0,0
43000161656,1791601779331,steady,94858,0,0,5118222,94511,94472,0,0,0
44000792441,1791601780332,steady,97244,0,0,5275466,96893,96852,0,0,0
45000766817,1791601781332,steady,99595,0,0,5428373,99242,99202,0,0,0
46000600982,1791601782332,steady,102024,0,0,5584741,101663,101622,0,0,0
47001057002,1791601783332,steady,104382,0,0,5738761,104015,103972,0,0,0
48001011283,1791601784332,steady,106690,0,0,5894616,106319,106276,0,0,0
49001094584,1791601785332,steady,108934,0,0,6048483,108551,108512,0,0,0
50000314231,1791601786331,steady,111281,0,0,6207620,110897,110858,0,0,0
51001038931,1791601787332,steady,113593,0,0,6366141,113204,113159,0,0,0
52000898693,1791601788332,steady,115935,0,0,6527403,115535,115491,0,0,0
53000925197,1791601789332,steady,118205,0,0,6689367,117800,117758,0,0,0
54000869581,1791601790332,steady,120344,0,0,6845245,119921,119886,0,0,0
55001286588,1791601791332,steady,122392,0,0,7001487,121970,121931,0,0,0
56000836241,1791601792332,steady,124485,0,0,7156765,124043,124010,0,0,0
57001099733,1791601793332,steady,126567,0,0,7311820,126125,126083,0,0,0
58000721218,1791601794332,steady,128652,0,0,7471645,128204,128164,0,0,0
59000494221,1791601795332,steady,130873,0,0,7634987,130421,130381,0,0,0
60000940987,1791601796332,steady,133044,0,0,7802923,132587,132546,0,0,0
61000985747,1791601797332,steady,135226,0,0,7965917,134756,134717,0,0,0
62000333187,1791601798331,steady,137381,0,0,8126955,136916,136872,0,0,0
63000191090,1791601799331,steady,139513,0,0,8288218,139037,138992,0,0,0
64000443652,1791601800332,steady,141657,0,0,8452438,141176,141133,0,0,0
65000775765,1791601801332,steady,143714,0,0,8617405,143222,143179,0,0,0
66001003588,1791601802332,steady,145730,0,0,8776486,145229,145189,0,0,0
67000552931,1791601803332,steady,147824,0,0,8940960,147314,147270,0,0,0
68000598068,1791601804332,steady,149893,0,0,9110241,149378,149334,0,0,0
69000449610,1791601805332,steady,151995,0,0,9280958,151478,151434,0,0,0
70000998134,1791601806332,steady,154084,0,0,9454022,153557,153515,0,0,0
71000574992,1791601807332,steady,156137,0,0,9631111,155600,155557,0,0,0
72001122289,1791601808332,steady,158183,0,0,9802695,157643,157598,0,0,0
73000108963,1791601809331,steady,160294,0,0,9976850,159746,159704,0,0,0
74000923294,1791601810332,steady,162482,0,0,10152466,161924,161882,0,0,0
75000489955,1791601811332,steady,164560,0,0,10327088,164000,163959,0,0,0
76000304787,1791601812331,steady,166563,0,0,10501243,166007,165955,0,0,0
77000395402,1791601813332,steady,168045,0,0,10624298,167465,167425,0,0,0
78000767200,1791601814332,steady,169789,0,0,10775869,169205,169164,0,0,0
79000168481,1791601815331,steady,171868,0,0,10937718,171278,171236,0,0,0
80000741928,1791601816332,steady,174283,0,0,11072049,173699,173656,0,0,0
81000746714,1791601817332,steady,176708,0,0,11203333,176108,176065,0,0,0
82000953478,1791601818332,steady,179081,0,0,11333213,178469,178428,0,0,0
83000943912,1791601819332,steady,181520,0,0,11472267,180884,180842,0,0,0
84000735406,1791601820332,steady,183146,0,0,11580557,182535,182467,0,0,0
85000363906,1791601821331,steady,185200,0,0,11645766,184596,184525,0,0,0
86000535658,1791601822332,steady,187619,0,0,11722656,186999,186927,0,0,0
87000788261,1791601823332,steady,190056,0,0,11800203,189447,189371,0,0,0
88000837096,1791601824332,steady,192572,0,0,11880153,191955,191880,0,0,0
89000397427,1791601825332,steady,195066,0,0,11959359,194439,194365,0,0,0
90000988882,1791601826332,steady,197513,0,0,12037172,196863,196786,0,0,0
91000809242,1791601827332,steady,199980,0,0,12115700,199335,199259,0,0,0
91269920008,1791601827601,drain,199980,0,0,12115700,199335,199259,0,0,0
91516326117,1791601827847,done,202108,0,0,12183429,201438,201364,0,0,0
