t_mono_ns,t_wall_ms,phase,num_timed,num_requested,write_time_ms,sync_time_ms,buffers_written,checkpoint_lsn,checkpoint_time_unix,num_done
12136570,1791605644004,warm-up,0,44,243,203,9229,6/2AC90158,1791605628,35
1000857428,1791605644993,warm-up,0,44,243,203,9229,6/2AC90158,1791605628,35
2000772980,1791605645992,warm-up,0,44,243,203,9229,6/2AC90158,1791605628,35
3000957153,1791605646993,warm-up,0,44,243,203,9229,6/2AC90158,1791605628,35
4000332564,1791605647992,warm-up,0,44,243,203,9229,6/2AC90158,1791605628,35
5000768691,1791605648992,warm-up,0,44,243,203,9229,6/2AC90158,1791605628,35
6000186366,1791605649992,warm-up,0,44,243,203,9229,6/2AC90158,1791605628,35
7000935944,1791605650993,warm-up,0,44,243,203,9229,6/2AC90158,1791605628,35
8000661733,1791605651992,warm-up,0,44,243,203,9229,6/2AC90158,1791605628,35
9000873962,1791605652993,warm-up,0,44,243,203,9229,6/2AC90158,1791605628,35
10000734171,1791605653992,warm-up,0,44,243,203,9229,6/2AC90158,1791605628,35
11000034481,1791605654992,warm-up,0,44,243,203,9229,6/2AC90158,1791605628,35
12001131392,1791605655993,warm-up,0,44,243,203,9229,6/2AC90158,1791605628,35
13000921760,1791605656993,warm-up,0,44,243,203,9229,6/2AC90158,1791605628,35
14001006219,1791605657993,warm-up,0,44,243,203,9229,6/2AC90158,1791605628,35
15000209414,1791605658992,warm-up,0,44,243,203,9229,6/2AC90158,1791605628,35
16000632273,1791605659992,warm-up,0,44,243,203,9229,6/2AC90158,1791605628,35
17000524869,1791605660992,warm-up,0,44,243,203,9229,6/2AC90158,1791605628,35
18000611855,1791605661992,warm-up,0,44,243,203,9229,6/2AC90158,1791605628,35
19000411561,1791605662992,warm-up,0,44,243,203,9229,6/2AC90158,1791605628,35
20000357358,1791605663992,warm-up,0,44,243,203,9229,6/2AC90158,1791605628,35
21000130176,1791605664992,warm-up,0,44,243,203,9229,6/2AC90158,1791605628,35
22000444288,1791605665992,warm-up,0,44,243,203,9229,6/2AC90158,1791605628,35
23000338194,1791605666992,warm-up,0,44,243,203,9229,6/2AC90158,1791605628,35
24000709633,1791605667992,warm-up,0,44,243,203,9229,6/2AC90158,1791605628,35
25000777760,1791605668992,warm-up,0,44,243,203,9229,6/2AC90158,1791605628,35
26000093398,1791605669992,warm-up,0,44,243,203,9229,6/2AC90158,1791605628,35
27000992713,1791605670993,warm-up,0,44,243,203,9229,6/2AC90158,1791605628,35
28000874006,1791605671993,warm-up,0,44,243,203,9229,6/2AC90158,1791605628,35
29000661350,1791605672992,warm-up,0,44,243,203,9229,6/2AC90158,1791605628,35
30000602173,1791605673992,warm-up,0,44,243,203,9229,6/2AC90158,1791605628,35
30244887714,1791605674237,steady,0,44,243,203,9229,6/2AC90158,1791605628,35
31000951899,1791605674993,steady,0,44,243,203,9229,6/2AC90158,1791605628,35
32000549768,1791605675992,steady,0,44,243,203,9229,6/2AC90158,1791605628,35
33000694454,1791605676992,steady,0,44,243,203,9229,6/2AC90158,1791605628,35
34000865888,1791605677993,steady,0,44,243,203,9229,6/2AC90158,1791605628,35
35000406677,1791605678992,steady,0,44,243,203,9229,6/2AC90158,1791605628,35
36000841952,1791605679993,steady,0,44,243,203,9229,6/2AC90158,1791605628,35
37000517844,1791605680992,steady,0,44,243,203,9229,6/2AC90158,1791605628,35
38000748275,1791605681992,steady,0,44,243,203,9229,6/2AC90158,1791605628,35
39000123923,1791605682992,steady,0,44,243,203,9229,6/2AC90158,1791605628,35
40000992727,1791605683993,steady,0,44,243,203,9229,6/2AC90158,1791605628,35
41000161265,1791605684992,steady,0,44,243,203,9229,6/2AC90158,1791605628,35
42001077305,1791605685993,steady,0,44,243,203,9229,6/2AC90158,1791605628,35
43000158936,1791605686992,steady,0,44,243,203,9229,6/2AC90158,1791605628,35
44000647076,1791605687992,steady,0,44,243,203,9229,6/2AC90158,1791605628,35
45000696999,1791605688992,steady,0,44,243,203,9229,6/2AC90158,1791605628,35
46001008459,1791605689993,steady,0,44,243,203,9229,6/2AC90158,1791605628,35
47000603604,1791605690992,steady,0,44,243,203,9229,6/2AC90158,1791605628,35
48000295092,1791605691992,steady,0,44,243,203,9229,6/2AC90158,1791605628,35
49000074648,1791605692992,steady,0,44,243,203,9229,6/2AC90158,1791605628,35
50000440018,1791605693992,steady,0,44,243,203,9229,6/2AC90158,1791605628,35
51000327663,1791605694992,steady,0,44,243,203,9229,6/2AC90158,1791605628,35
52001080669,1791605695993,steady,0,44,243,203,9229,6/2AC90158,1791605628,35
53000869977,1791605696993,steady,0,44,243,203,9229,6/2AC90158,1791605628,35
54000771440,1791605697992,steady,0,44,243,203,9229,6/2AC90158,1791605628,35
55000187412,1791605698992,steady,0,44,243,203,9229,6/2AC90158,1791605628,35
56000124123,1791605699992,steady,0,44,243,203,9229,6/2AC90158,1791605628,35
57000704911,1791605700992,steady,0,44,243,203,9229,6/2AC90158,1791605628,35
58000131642,1791605701992,steady,0,44,243,203,9229,6/2AC90158,1791605628,35
59000114358,1791605702992,steady,0,44,243,203,9229,6/2AC90158,1791605628,35
60001036991,1791605703993,steady,0,44,243,203,9229,6/2AC90158,1791605628,35
61000032436,1791605704992,steady,0,44,243,203,9229,6/2AC90158,1791605628,35
62000269461,1791605705992,steady,0,44,243,203,9229,6/2AC90158,1791605628,35
63001125146,1791605706993,steady,0,44,243,203,9229,6/2AC90158,1791605628,35
64000322803,1791605707992,steady,0,44,243,203,9229,6/2AC90158,1791605628,35
65000535715,1791605708992,steady,0,44,243,203,9229,6/2AC90158,1791605628,35
66000651548,1791605709992,steady,0,44,243,203,9229,6/2AC90158,1791605628,35
67000930285,1791605710993,steady,0,44,243,203,9229,6/2AC90158,1791605628,35
68000764785,1791605711992,steady,0,44,243,203,9229,6/2AC90158,1791605628,35
69000154274,1791605712992,steady,0,44,243,203,9229,6/2AC90158,1791605628,35
70000075642,1791605713992,steady,0,44,243,203,9229,6/2AC90158,1791605628,35
71000857357,1791605714993,steady,0,44,243,203,9229,6/2AC90158,1791605628,35
72000806857,1791605715993,steady,0,44,243,203,9229,6/2AC90158,1791605628,35
73000266284,1791605716992,steady,0,44,243,203,9229,6/2AC90158,1791605628,35
74000870138,1791605717993,steady,0,44,243,203,9229,6/2AC90158,1791605628,35
75000561559,1791605718992,steady,0,44,243,203,9229,6/2AC90158,1791605628,35
76000832834,1791605719993,steady,0,44,243,203,9229,6/2AC90158,1791605628,35
77000205242,1791605720992,steady,0,44,243,203,9229,6/2AC90158,1791605628,35
78000479750,1791605721992,steady,0,44,243,203,9229,6/2AC90158,1791605628,35
79000054045,1791605722992,steady,0,44,243,203,9229,6/2AC90158,1791605628,35
80000106650,1791605723992,steady,0,44,243,203,9229,6/2AC90158,1791605628,35
81000912284,1791605724993,steady,0,44,243,203,9229,6/2AC90158,1791605628,35
82001145657,1791605725993,steady,0,44,243,203,9229,6/2AC90158,1791605628,35
83000144950,1791605726992,steady,0,44,243,203,9229,6/2AC90158,1791605628,35
84000691383,1791605727992,steady,0,44,243,203,9229,6/2AC90158,1791605628,35
85000677151,1791605728992,steady,0,44,243,203,9229,6/2AC90158,1791605628,35
86000784096,1791605729993,steady,0,44,243,203,9229,6/2AC90158,1791605628,35
87000079556,1791605730992,steady,0,44,243,203,9229,6/2AC90158,1791605628,35
88000312235,1791605731992,steady,0,44,243,203,9229,6/2AC90158,1791605628,35
89000863981,1791605732993,steady,0,44,243,203,9229,6/2AC90158,1791605628,35
90001132686,1791605733993,steady,0,44,243,203,9229,6/2AC90158,1791605628,35
91000695865,1791605734992,steady,0,44,243,203,9229,6/2AC90158,1791605628,35
91253030665,1791605735245,drain,0,44,243,203,9229,6/2AC90158,1791605628,35
91533384269,1791605735525,done,0,44,243,203,9229,6/2AC90158,1791605628,35
