t_mono_ns,t_wall_ms,phase,relation,relation_bytes,indexes_bytes,total_bytes,n_live_tup,n_dead_tup,n_tup_ins,n_tup_upd,n_tup_del,autovacuum_count
12136570,1791605644004,warm-up,kiroku.subscriptions,8192,32768,49152,0,0,0,0,0,0
12136570,1791605644004,warm-up,kiroku.stream_events,8192,65536,81920,0,0,0,0,0,0
1000857428,1791605644993,warm-up,kiroku.subscriptions,8192,32768,49152,2,90,2,1380,0,0
1000857428,1791605644993,warm-up,kiroku.stream_events,139264,270336,442368,1400,0,1400,0,0,0
2000772980,1791605645992,warm-up,kiroku.subscriptions,8192,32768,49152,2,106,2,1863,0,0
2000772980,1791605645992,warm-up,kiroku.stream_events,253952,434176,720896,1946,0,1946,0,0,0
3000957153,1791605646993,warm-up,kiroku.subscriptions,8192,32768,49152,2,159,2,3270,0,0
3000957153,1791605646993,warm-up,kiroku.stream_events,376832,622592,1032192,3338,0,3338,0,0,0
4000332564,1791605647992,warm-up,kiroku.subscriptions,8192,32768,49152,2,82,2,4695,0,0
4000332564,1791605647992,warm-up,kiroku.stream_events,466944,811008,1310720,4744,0,4744,0,0,0
5000768691,1791605648992,warm-up,kiroku.subscriptions,8192,32768,49152,2,175,2,6040,0,0
5000768691,1791605648992,warm-up,kiroku.stream_events,598016,1007616,1638400,6078,0,6078,0,0,0
6000186366,1791605649992,warm-up,kiroku.subscriptions,8192,32768,49152,2,159,2,7380,0,0
6000186366,1791605649992,warm-up,kiroku.stream_events,704512,1196032,1933312,7470,0,7470,0,0,0
7000935944,1791605650993,warm-up,kiroku.subscriptions,8192,32768,49152,2,48,2,8631,0,0
7000935944,1791605650993,warm-up,kiroku.stream_events,802816,1376256,2211840,8704,0,8704,0,0,0
8000661733,1791605651992,warm-up,kiroku.subscriptions,8192,32768,49152,2,55,2,9841,0,0
8000661733,1791605651992,warm-up,kiroku.stream_events,917504,1556480,2506752,9888,0,9888,0,0,0
9000873962,1791605652993,warm-up,kiroku.subscriptions,8192,32768,49152,2,349,2,11020,0,0
9000873962,1791605652993,warm-up,kiroku.stream_events,1032192,1736704,2801664,11050,0,11050,0,0,0
10000734171,1791605653992,warm-up,kiroku.subscriptions,8192,32768,49152,2,340,2,12371,0,0
10000734171,1791605653992,warm-up,kiroku.stream_events,1097728,1859584,2990080,12384,0,12384,0,0,0
11000034481,1791605654992,warm-up,kiroku.subscriptions,8192,32768,49152,2,445,2,13222,0,0
11000034481,1791605654992,warm-up,kiroku.stream_events,1196032,2023424,3252224,13254,0,13254,0,0,0
12001131392,1791605655993,warm-up,kiroku.subscriptions,8192,32768,49152,2,342,2,14541,0,0
12001131392,1791605655993,warm-up,kiroku.stream_events,1310720,2211840,3555328,14574,0,14574,0,0,0
13000921760,1791605656993,warm-up,kiroku.subscriptions,8192,32768,49152,2,399,2,15882,0,0
13000921760,1791605656993,warm-up,kiroku.stream_events,1417216,2392064,3842048,15908,0,15908,0,0,0
14001006219,1791605657993,warm-up,kiroku.subscriptions,8192,32768,49152,2,398,2,17233,0,0
14001006219,1791605657993,warm-up,kiroku.stream_events,1515520,2580480,4128768,17262,0,17262,0,0,0
15000209414,1791605658992,warm-up,kiroku.subscriptions,8192,32768,49152,2,362,2,18553,0,0
15000209414,1791605658992,warm-up,kiroku.stream_events,1630208,2785280,4448256,18580,0,18580,0,0,0
16000632273,1791605659992,warm-up,kiroku.subscriptions,8192,32768,49152,2,361,2,19906,0,0
16000632273,1791605659992,warm-up,kiroku.stream_events,1736704,2940928,4710400,19940,0,19940,0,0,0
17000524869,1791605660992,warm-up,kiroku.subscriptions,8192,32768,49152,2,453,2,21284,0,0
17000524869,1791605660992,warm-up,kiroku.stream_events,1843200,3096576,4972544,21310,0,21310,0,0,0
18000611855,1791605661992,warm-up,kiroku.subscriptions,8192,32768,49152,2,404,2,22589,0,0
18000611855,1791605661992,warm-up,kiroku.stream_events,1957888,3276800,5267456,22622,0,22622,0,0,0
19000411561,1791605662992,warm-up,kiroku.subscriptions,8192,32768,49152,2,386,2,23933,0,0
19000411561,1791605662992,warm-up,kiroku.stream_events,2056192,3407872,5496832,23974,0,23974,0,0,0
20000357358,1791605663992,warm-up,kiroku.subscriptions,8192,32768,49152,2,350,2,25243,0,0
20000357358,1791605663992,warm-up,kiroku.stream_events,2154496,3571712,5758976,25276,0,25276,0,0,0
21000130176,1791605664992,warm-up,kiroku.subscriptions,8192,32768,49152,2,393,2,26500,0,0
21000130176,1791605664992,warm-up,kiroku.stream_events,2269184,3751936,6053888,26540,0,26540,0,0,0
22000444288,1791605665992,warm-up,kiroku.subscriptions,8192,32768,49152,2,361,2,27812,0,0
22000444288,1791605665992,warm-up,kiroku.stream_events,2351104,3891200,6275072,27842,0,27842,0,0,0
23000338194,1791605666992,warm-up,kiroku.subscriptions,8192,32768,49152,2,417,2,29012,0,0
23000338194,1791605666992,warm-up,kiroku.stream_events,2465792,4063232,6561792,29048,0,29048,0,0,0
24000709633,1791605667992,warm-up,kiroku.subscriptions,8192,32768,49152,2,352,2,30297,0,0
24000709633,1791605667992,warm-up,kiroku.stream_events,2580480,4218880,6832128,30324,0,30324,0,0,0
25000777760,1791605668992,warm-up,kiroku.subscriptions,8192,32768,49152,2,389,2,31614,0,0
25000777760,1791605668992,warm-up,kiroku.stream_events,2662400,4374528,7069696,31648,0,31648,0,0,0
26000093398,1791605669992,warm-up,kiroku.subscriptions,8192,32768,49152,2,437,2,32866,0,0
26000093398,1791605669992,warm-up,kiroku.stream_events,2785280,4538368,7356416,32906,0,32906,0,0,0
27000992713,1791605670993,warm-up,kiroku.subscriptions,8192,32768,49152,2,392,2,34179,0,0
27000992713,1791605670993,warm-up,kiroku.stream_events,2859008,4653056,7544832,34222,0,34222,0,0,0
28000874006,1791605671993,warm-up,kiroku.subscriptions,8192,32768,49152,2,360,2,35163,0,0
28000874006,1791605671993,warm-up,kiroku.stream_events,2957312,4825088,7815168,35208,0,35208,0,0,0
29000661350,1791605672992,warm-up,kiroku.subscriptions,8192,32768,49152,2,405,2,36484,0,0
29000661350,1791605672992,warm-up,kiroku.stream_events,3072000,4956160,8060928,36526,0,36526,0,0,0
30000602173,1791605673992,warm-up,kiroku.subscriptions,8192,32768,49152,2,394,2,37817,0,0
30000602173,1791605673992,warm-up,kiroku.stream_events,3162112,5144576,8339456,37862,0,37862,0,0,0
30244887714,1791605674237,steady,kiroku.subscriptions,8192,32768,49152,2,363,2,39066,0,0
30244887714,1791605674237,steady,kiroku.stream_events,3162112,5144576,8339456,39104,0,39104,0,0,0
31000951899,1791605674993,steady,kiroku.subscriptions,8192,32768,49152,2,363,2,39066,0,0
31000951899,1791605674993,steady,kiroku.stream_events,3260416,5267456,8560640,39104,0,39104,0,0,0
32000549768,1791605675992,steady,kiroku.subscriptions,8192,32768,49152,2,377,2,40366,0,0
32000549768,1791605675992,steady,kiroku.stream_events,3375104,5423104,8830976,40412,0,40412,0,0,0
33000694454,1791605676992,steady,kiroku.subscriptions,8192,32768,49152,2,408,2,41685,0,0
33000694454,1791605676992,steady,kiroku.stream_events,3481600,5611520,9125888,41738,0,41738,0,0,0
34000865888,1791605677993,steady,kiroku.subscriptions,8192,32768,49152,2,371,2,43012,0,0
34000865888,1791605677993,steady,kiroku.stream_events,3588096,5750784,9371648,43070,0,43070,0,0,0
35000406677,1791605678992,steady,kiroku.subscriptions,8192,32768,49152,2,393,2,44330,0,0
35000406677,1791605678992,steady,kiroku.stream_events,3686400,5931008,9650176,44384,0,44384,0,0,0
36000841952,1791605679993,steady,kiroku.subscriptions,8192,32768,49152,2,418,2,45633,0,0
36000841952,1791605679993,steady,kiroku.stream_events,3792896,6086656,9912320,45688,0,45688,0,0,0
37000517844,1791605680992,steady,kiroku.subscriptions,8192,32768,49152,2,406,2,46975,0,0
37000517844,1791605680992,steady,kiroku.stream_events,3891200,6242304,10166272,47040,0,47040,0,0,0
38000748275,1791605681992,steady,kiroku.subscriptions,8192,32768,49152,2,350,2,48327,0,0
38000748275,1791605681992,steady,kiroku.stream_events,4014080,6414336,10461184,48388,0,48388,0,0,0
39000123923,1791605682992,steady,kiroku.subscriptions,8192,32768,49152,2,405,2,49738,0,0
39000123923,1791605682992,steady,kiroku.stream_events,4128768,6578176,10739712,49796,0,49796,0,0,0
40000992727,1791605683993,steady,kiroku.subscriptions,8192,32768,49152,2,391,2,51074,0,0
40000992727,1791605683993,steady,kiroku.stream_events,4235264,6758400,11026432,51132,0,51132,0,0,0
41000161265,1791605684992,steady,kiroku.subscriptions,8192,32768,49152,2,335,2,52446,0,0
41000161265,1791605684992,steady,kiroku.stream_events,4349952,6938624,11321344,52500,0,52500,0,0,0
42001077305,1791605685993,steady,kiroku.subscriptions,8192,32768,49152,2,404,2,53875,0,0
42001077305,1791605685993,steady,kiroku.stream_events,4448256,7110656,11591680,53938,0,53938,0,0,0
43000158936,1791605686992,steady,kiroku.subscriptions,8192,32768,49152,2,398,2,55221,0,0
43000158936,1791605686992,steady,kiroku.stream_events,4571136,7258112,11862016,55276,0,55276,0,0,0
44000647076,1791605687992,steady,kiroku.subscriptions,8192,32768,49152,2,376,2,56553,0,0
44000647076,1791605687992,steady,kiroku.stream_events,4661248,7438336,12132352,56624,0,56624,0,0,0
45000696999,1791605688992,steady,kiroku.subscriptions,8192,32768,49152,2,334,2,57929,0,0
45000696999,1791605688992,steady,kiroku.stream_events,4792320,7610368,12435456,57984,0,57984,0,0,0
46001008459,1791605689993,steady,kiroku.subscriptions,8192,32768,49152,2,392,2,59273,0,0
46001008459,1791605689993,steady,kiroku.stream_events,4890624,7774208,12697600,59350,0,59350,0,0,0
47000603604,1791605690992,steady,kiroku.subscriptions,8192,32768,49152,2,381,2,60616,0,0
47000603604,1791605690992,steady,kiroku.stream_events,4997120,7962624,12992512,60698,0,60698,0,0,0
48000295092,1791605691992,steady,kiroku.subscriptions,8192,32768,49152,2,322,2,61979,0,0
48000295092,1791605691992,steady,kiroku.stream_events,5103616,8110080,13246464,62036,0,62036,0,0,0
49000074648,1791605692992,steady,kiroku.subscriptions,8192,32768,49152,2,380,2,63311,0,0
49000074648,1791605692992,steady,kiroku.stream_events,5201920,8265728,13500416,63382,0,63382,0,0,0
50000440018,1791605693992,steady,kiroku.subscriptions,8192,32768,49152,2,380,2,64669,0,0
50000440018,1791605693992,steady,kiroku.stream_events,5316608,8437760,13787136,64744,0,64744,0,0,0
51000327663,1791605694992,steady,kiroku.subscriptions,8192,32768,49152,2,375,2,66084,0,0
51000327663,1791605694992,steady,kiroku.stream_events,5431296,8609792,14073856,66134,0,66134,0,0,0
52001080669,1791605695993,steady,kiroku.subscriptions,8192,32768,49152,2,333,2,67456,0,0
52001080669,1791605695993,steady,kiroku.stream_events,5545984,8757248,14336000,67530,0,67530,0,0,0
53000869977,1791605696993,steady,kiroku.subscriptions,8192,32768,49152,2,389,2,68794,0,0
53000869977,1791605696993,steady,kiroku.stream_events,5636096,8937472,14606336,68858,0,68858,0,0,0
54000771440,1791605697992,steady,kiroku.subscriptions,8192,32768,49152,2,373,2,70134,0,0
54000771440,1791605697992,steady,kiroku.stream_events,5750784,9084928,14868480,70202,0,70202,0,0,0
55000187412,1791605698992,steady,kiroku.subscriptions,8192,32768,49152,2,388,2,71501,0,0
55000187412,1791605698992,steady,kiroku.stream_events,5865472,9248768,15147008,71552,0,71552,0,0,0
56000124123,1791605699992,steady,kiroku.subscriptions,8192,32768,49152,2,430,2,72823,0,0
56000124123,1791605699992,steady,kiroku.stream_events,5980160,9404416,15417344,72898,0,72898,0,0,0
57000704911,1791605700992,steady,kiroku.subscriptions,8192,32768,49152,2,398,2,74145,0,0
57000704911,1791605700992,steady,kiroku.stream_events,6078464,9560064,15671296,74222,0,74222,0,0,0
58000131642,1791605701992,steady,kiroku.subscriptions,8192,32768,49152,2,415,2,75514,0,0
58000131642,1791605701992,steady,kiroku.stream_events,6184960,9732096,15949824,75580,0,75580,0,0,0
59000114358,1791605702992,steady,kiroku.subscriptions,8192,32768,49152,2,417,2,76858,0,0
59000114358,1791605702992,steady,kiroku.stream_events,6291456,9912320,16236544,76944,0,76944,0,0,0
60001036991,1791605703993,steady,kiroku.subscriptions,8192,32768,49152,2,418,2,78215,0,0
60001036991,1791605703993,steady,kiroku.stream_events,6397952,10067968,16498688,78284,0,78284,0,0,0
61000032436,1791605704992,steady,kiroku.subscriptions,8192,32768,49152,2,387,2,79612,0,0
61000032436,1791605704992,steady,kiroku.stream_events,6520832,10231808,16785408,79684,0,79684,0,0,0
62000269461,1791605705992,steady,kiroku.subscriptions,8192,32768,49152,2,406,2,80983,0,0
62000269461,1791605705992,steady,kiroku.stream_events,6635520,10379264,17047552,81066,0,81066,0,0,0
63001125146,1791605706993,steady,kiroku.subscriptions,8192,32768,49152,2,375,2,82370,0,0
63001125146,1791605706993,steady,kiroku.stream_events,6742016,10543104,17317888,82440,0,82440,0,0,0
64000322803,1791605707992,steady,kiroku.subscriptions,8192,32768,49152,2,350,2,83691,0,0
64000322803,1791605707992,steady,kiroku.stream_events,6840320,10715136,17588224,83778,0,83778,0,0,0
65000535715,1791605708992,steady,kiroku.subscriptions,8192,32768,49152,2,387,2,84940,0,0
65000535715,1791605708992,steady,kiroku.stream_events,6938624,10870784,17842176,85046,0,85046,0,0,0
66000651548,1791605709992,steady,kiroku.subscriptions,8192,32768,49152,2,385,2,86224,0,0
66000651548,1791605709992,steady,kiroku.stream_events,7045120,11026432,18104320,86326,0,86326,0,0,0
67000930285,1791605710993,steady,kiroku.subscriptions,8192,32768,49152,2,386,2,87499,0,0
67000930285,1791605710993,steady,kiroku.stream_events,7143424,11173888,18350080,87584,0,87584,0,0,0
68000764785,1791605711992,steady,kiroku.subscriptions,8192,32768,49152,2,372,2,88769,0,0
68000764785,1791605711992,steady,kiroku.stream_events,7258112,11329536,18620416,88856,0,88856,0,0,0
69000154274,1791605712992,steady,kiroku.subscriptions,8192,32768,49152,2,392,2,90133,0,0
69000154274,1791605712992,steady,kiroku.stream_events,7348224,11493376,18874368,90222,0,90222,0,0,0
70000075642,1791605713992,steady,kiroku.subscriptions,8192,32768,49152,2,450,2,91415,0,0
70000075642,1791605713992,steady,kiroku.stream_events,7454720,11649024,19136512,91498,0,91498,0,0,0
71000857357,1791605714993,steady,kiroku.subscriptions,8192,32768,49152,2,313,2,92696,0,0
71000857357,1791605714993,steady,kiroku.stream_events,7569408,11788288,19390464,92788,0,92788,0,0,0
72000806857,1791605715993,steady,kiroku.subscriptions,8192,32768,49152,2,334,2,94043,0,0
72000806857,1791605715993,steady,kiroku.stream_events,7667712,11976704,19677184,94132,0,94132,0,0,0
73000266284,1791605716992,steady,kiroku.subscriptions,32768,32768,98304,2,437,2,95382,0,0
73000266284,1791605716992,steady,kiroku.stream_events,7774208,12140544,19955712,95596,0,95466,0,0,1
74000870138,1791605717993,steady,kiroku.subscriptions,32768,32768,98304,2,468,2,96783,0,0
74000870138,1791605717993,steady,kiroku.stream_events,7897088,12304384,20242432,97006,0,96876,0,0,1
75000561559,1791605718992,steady,kiroku.subscriptions,32768,32768,98304,2,390,2,98271,0,0
75000561559,1791605718992,steady,kiroku.stream_events,7995392,12484608,20520960,98494,0,98364,0,0,1
76000832834,1791605719993,steady,kiroku.subscriptions,32768,32768,98304,2,374,2,99735,0,0
76000832834,1791605719993,steady,kiroku.stream_events,8134656,12673024,20848640,99978,0,99848,0,0,1
77000205242,1791605720992,steady,kiroku.subscriptions,32768,32768,98304,2,441,2,101208,0,0
77000205242,1791605720992,steady,kiroku.stream_events,8249344,12869632,21159936,101410,0,101280,0,0,1
78000479750,1791605721992,steady,kiroku.subscriptions,24576,32768,98304,2,88,2,102678,0,1
78000479750,1791605721992,steady,kiroku.stream_events,8364032,13041664,21446656,102876,0,102746,0,0,1
79000054045,1791605722992,steady,kiroku.subscriptions,24576,32768,98304,2,234,2,104156,0,1
79000054045,1791605722992,steady,kiroku.stream_events,8486912,13213696,21741568,104362,0,104232,0,0,1
80000106650,1791605723992,steady,kiroku.subscriptions,24576,32768,98304,2,208,2,105610,0,1
80000106650,1791605723992,steady,kiroku.stream_events,8601600,13385728,22028288,105876,0,105746,0,0,1
81000912284,1791605724993,steady,kiroku.subscriptions,24576,32768,98304,2,180,2,107109,0,1
81000912284,1791605724993,steady,kiroku.stream_events,8724480,13582336,22347776,107368,0,107238,0,0,1
82001145657,1791605725993,steady,kiroku.subscriptions,24576,32768,98304,2,276,2,108601,0,1
82001145657,1791605725993,steady,kiroku.stream_events,8855552,13754368,22650880,108858,0,108728,0,0,1
83000144950,1791605726992,steady,kiroku.subscriptions,24576,32768,98304,2,258,2,110063,0,1
83000144950,1791605726992,steady,kiroku.stream_events,8953856,13918208,22913024,110328,0,110198,0,0,1
84000691383,1791605727992,steady,kiroku.subscriptions,24576,32768,98304,2,221,2,111580,0,1
84000691383,1791605727992,steady,kiroku.stream_events,9093120,14123008,23257088,111792,0,111662,0,0,1
85000677151,1791605728992,steady,kiroku.subscriptions,24576,32768,98304,2,175,2,113088,0,1
85000677151,1791605728992,steady,kiroku.stream_events,9191424,14286848,23519232,113294,0,113164,0,0,1
86000784096,1791605729993,steady,kiroku.subscriptions,24576,32768,98304,2,305,2,114550,0,1
86000784096,1791605729993,steady,kiroku.stream_events,9314304,14458880,23814144,114764,0,114634,0,0,1
87000079556,1791605730992,steady,kiroku.subscriptions,24576,32768,98304,2,243,2,115968,0,1
87000079556,1791605730992,steady,kiroku.stream_events,9445376,14630912,24117248,116194,0,116064,0,0,1
88000312235,1791605731992,steady,kiroku.subscriptions,24576,32768,98304,2,208,2,117413,0,1
88000312235,1791605731992,steady,kiroku.stream_events,9551872,14843904,24436736,117690,0,117560,0,0,1
89000863981,1791605732993,steady,kiroku.subscriptions,24576,32768,98304,2,202,2,118887,0,1
89000863981,1791605732993,steady,kiroku.stream_events,9674752,15015936,24731648,119158,0,119028,0,0,1
90001132686,1791605733993,steady,kiroku.subscriptions,24576,32768,98304,2,313,2,120330,0,1
90001132686,1791605733993,steady,kiroku.stream_events,9781248,15171584,24993792,120582,0,120452,0,0,1
91000695865,1791605734992,steady,kiroku.subscriptions,24576,32768,98304,2,278,2,121775,0,1
91000695865,1791605734992,steady,kiroku.stream_events,9895936,15335424,25272320,122020,0,121890,0,0,1
91253030665,1791605735245,drain,kiroku.subscriptions,24576,32768,98304,2,278,2,121775,0,1
91253030665,1791605735245,drain,kiroku.stream_events,9928704,15400960,25370624,122020,0,121890,0,0,1
91533384269,1791605735525,done,kiroku.subscriptions,24576,32768,98304,2,303,2,122980,0,1
91533384269,1791605735525,done,kiroku.stream_events,9928704,15400960,25370624,123220,0,123090,0,0,1
