t_mono_ns,t_wall_ms,phase,gcs,major_gcs,allocated_bytes,max_live_bytes,cumulative_live_bytes,live_bytes_major_mean,live_bytes_last_gc,last_gc_gen,mem_in_use_bytes,max_mem_in_use_bytes,large_objects_bytes,compact_bytes,slop_bytes,block_fragmentation_bytes,copied_bytes,gc_cpu_ns,gc_elapsed_ns,mutator_cpu_ns,mutator_elapsed_ns,cpu_ns,elapsed_ns,haskell_threads,capabilities
10170032,1791609083576,warm-up,0,0,0,0,0,,0,0,0,0,0,0,0,0,0,0,0,46427982,823189162,46427982,823189162,109,4
1000401125,1791609084566,warm-up,0,0,0,0,0,,0,0,0,0,0,0,0,0,0,0,0,552226171,1813318560,552226171,1813318560,109,4
2000161556,1791609085566,warm-up,1,0,151970472,0,0,,6536440,0,214958080,214958080,4223240,0,1053448,66936832,2313296,9910949,4247846,953212527,2808824050,963123476,2813071896,25,4
3000275739,1791609086566,warm-up,2,1,311364640,6042320,6042320,6042320,6042320,1,165675008,227540992,3104248,0,384304,20115456,5253312,27130136,12817515,1370642497,3800369875,1397772633,3813187390,25,4
4000776051,1791609087566,warm-up,3,1,471226616,6042320,6042320,,7032856,0,227540992,227540992,3151856,0,364520,79769600,8284504,39135035,17168966,1799779173,4796518376,1838914208,4813687342,25,4
5000568836,1791609088566,warm-up,3,1,471226616,6042320,6042320,,7032856,0,227540992,227540992,3151856,0,364520,79769600,8284504,39135035,17168966,2188798064,5796309541,2227933099,5813478507,25,4
6001114718,1791609089566,warm-up,4,1,630817440,6042320,6042320,,7635536,0,227540992,227540992,3195136,0,495024,79630336,11146344,49839864,21270474,2568318804,6792755685,2618158668,6814026159,25,4
7000826531,1791609090566,warm-up,5,1,790666544,6042320,6042320,,8567824,0,228589568,228589568,3189016,0,697328,79212544,14222024,60256376,25602752,2965063933,7788134564,3025320309,7813737316,25,4
8000682522,1791609091566,warm-up,6,1,950646720,6042320,6042320,,9190696,0,229638144,229638144,3194640,0,758488,80109568,17140592,69913322,29697586,3359192830,8783909670,3429106152,8813607256,25,4
9000486421,1791609092566,warm-up,6,1,950646720,6042320,6042320,,9190696,0,229638144,229638144,3194640,0,758488,80109568,17140592,69913322,29697586,3750477720,9783699259,3820391042,9813396845,25,4
10000238779,1791609093566,warm-up,7,1,1110429784,6042320,6042320,,10178240,0,229638144,229638144,3240984,0,741696,79900672,20261800,80570223,34038676,4136881732,10779112171,4217451955,10813150847,25,4
11000380408,1791609094566,warm-up,8,1,1269099184,6042320,6042320,,10792544,0,229638144,229638144,3203904,0,516512,77889536,23215024,90439180,37846732,4534172868,11775444682,4624612048,11813291414,25,4
12000709117,1791609095566,warm-up,9,2,1426899272,10679512,16721832,10679512,10679512,1,187695104,231735296,3162808,0,547624,37920768,30733760,109646523,46286369,4935153235,12767333577,5044799758,12813619946,25,4
13000075708,1791609096565,warm-up,9,2,1426899272,10679512,16721832,,10679512,1,187695104,231735296,3162808,0,547624,37920768,30733760,109646523,46286369,5362583822,13766700727,5472230345,13812987096,25,4
14000836206,1791609097566,warm-up,10,2,1588354976,10679512,16721832,,11551464,0,229638144,231735296,3248784,0,589080,77680640,33756048,122068672,50931522,5769536911,14762815553,5891605583,14813747075,25,4
15000920805,1791609098566,warm-up,11,2,1744892664,10679512,16721832,,12025792,0,229638144,231735296,3214472,0,979008,77901824,36516704,132879510,55463257,6175844730,15758371197,6308724240,15813834454,25,4
16000265652,1791609099566,warm-up,12,2,1902282000,10679512,16721832,,12972696,0,229638144,231735296,3222384,0,871784,76271616,39477520,142367562,59346360,6593152624,16753843922,6735520186,16813190282,25,4
17000229268,1791609100566,warm-up,12,2,1902282000,10679512,16721832,,12972696,0,229638144,231735296,3222384,0,871784,76271616,39477520,142367562,59346360,7006408828,17753795447,7148776390,17813141807,25,4
18000837250,1791609101566,warm-up,13,2,2065205008,10679512,16721832,,13650048,0,232783872,232783872,3263928,0,1025920,78036992,42341848,155627779,64975428,7409663371,18748772774,7565291150,18813748202,25,4
19001097180,1791609102566,warm-up,14,2,2230530336,10679512,16721832,,14625896,0,235929600,235929600,3236400,0,865176,79990784,45480480,168648272,70013367,7820400031,19743995792,7989048303,19814009159,25,4
20000634729,1791609103566,warm-up,15,2,2393767896,10679512,16721832,,15241376,0,235929600,235929600,3234048,0,835424,79958016,48444832,178014761,73809722,8221025091,20739736315,8399039852,20813546037,25,4
21000966488,1791609104566,warm-up,16,2,2551102464,10679512,16721832,,16126920,0,235929600,235929600,3236512,0,732216,78393344,51513920,187962788,77549457,8632545891,21736327067,8820508679,21813876524,25,4
22000755791,1791609105566,warm-up,16,2,2551102464,10679512,16721832,,16126920,0,235929600,235929600,3236512,0,732216,78393344,51513920,187962788,77549457,9054732154,22736117726,9242694942,22813667183,25,4
23001004729,1791609106566,warm-up,17,2,2710246776,10679512,16721832,,16858488,0,235929600,235929600,3287328,0,1053320,77553664,54423384,198599347,81975084,9464585207,23731941575,9663184554,23813916659,25,4
24001024116,1791609107566,warm-up,18,2,2869969464,10679512,16721832,,17769792,0,235929600,235929600,3248072,0,903872,77148160,57532392,209021798,86294989,9868499618,24727639680,10077521416,24813934669,25,4
25000817265,1791609108566,warm-up,19,2,3028392056,10679512,16721832,,18462088,0,235929600,235929600,3248248,0,924280,76632064,60486352,218579060,90037372,10265523097,25723690599,10484102157,25813727971,25,4
26001028047,1791609109566,warm-up,19,2,3028392056,10679512,16721832,,18462088,0,235929600,235929600,3248248,0,924280,76632064,60486352,218579060,90037372,10674851524,26723900235,10893430584,26813937607,25,4
27000766690,1791609110566,warm-up,20,2,3186712024,10679512,16721832,,19445080,0,235929600,235929600,3297168,0,965288,75878400,63603752,227484910,93566902,11062400452,27720110718,11289885362,27813677620,25,4
28000524590,1791609111566,warm-up,21,3,3345152752,12923552,29645384,12923552,12923552,1,199229440,245366784,3219736,0,834912,45608960,73309552,256212318,104846406,11444727151,28708599508,11700939469,28813445914,25,4
29000972386,1791609112566,warm-up,22,3,3502922664,12923552,29645384,,13518952,0,230686720,245366784,3267600,0,1202072,75702272,76068888,267789573,109769429,11854545869,29704113364,12122335442,29813882793,25,4
30000925776,1791609113566,warm-up,22,3,3502922664,12923552,29645384,,13518952,0,230686720,245366784,3267600,0,1202072,75702272,76068888,267789573,109769429,12252995381,30704067472,12520784954,30813836901,25,4
30253061894,1791609113818,steady,23,4,3651155656,12923552,40849208,11203824,11203824,1,182452224,245366784,3033928,0,346896,32034816,84240856,286310997,117978304,12269333348,30947995776,12555644345,31065974080,19,4
31000992715,1791609114566,steady,23,4,3651155656,12923552,40849208,,11203824,1,182452224,245366784,3033928,0,346896,32034816,84240856,286310997,117978304,12556239353,31695924177,12842550350,31813902481,25,4
32001082180,1791609115566,steady,24,4,3813426856,12923552,40849208,,12198320,0,228589568,245366784,3312416,0,740944,76345344,86961728,298246776,122899371,12977604204,32691093877,13275850980,32813993248,25,4
33000457195,1791609116566,steady,24,4,3813426856,12923552,40849208,,12198320,0,228589568,245366784,3312416,0,740944,76345344,86961728,298246776,122899371,13379020567,33690469876,13677267343,33813369247,25,4
34000443874,1791609117566,steady,25,4,3976581432,12923552,40849208,,13272840,0,230686720,245366784,3398360,0,551160,77983744,90045272,309181410,127319537,13765043409,34686039380,14074224819,34813358917,25,4
35000094731,1791609118565,steady,26,4,4134253600,12923552,40849208,,13823288,0,230686720,245366784,3365880,0,533192,76492800,92932312,319159657,131378771,14174438452,35681634418,14493598109,35813013189,25,4
36000588181,1791609119566,steady,27,4,4297548080,12923552,40849208,,14889152,0,234881024,245366784,3359576,0,941888,77606912,96132320,333909301,137707991,14571933103,36675796021,14905842404,36813504012,25,4
37000544585,1791609120566,steady,28,4,4456591976,12923552,40849208,,15552368,0,234881024,245366784,3373624,0,581776,78577664,99144600,344193112,141730701,14981565877,37671723705,15325758989,37813454406,25,4
38000642886,1791609121566,steady,28,4,4456591976,12923552,40849208,,15552368,0,234881024,245366784,3373624,0,581776,78577664,99144600,344193112,141730701,15380685084,38671821969,15724878196,38813552670,25,4
39001079167,1791609122566,steady,29,4,4618688416,12923552,40849208,,16630176,0,234881024,245366784,3416464,0,753248,77680640,102363840,354805159,146076216,15784282155,39667914769,16139087314,39813990985,25,4
40001090309,1791609123566,steady,30,4,4781731168,12923552,40849208,,17349184,0,236978176,245366784,3376352,0,632256,78598144,105461792,365971811,150261302,16195469335,40663740347,16561441146,40814001649,25,4
41000218613,1791609124566,steady,31,4,4941971576,12923552,40849208,,18338200,0,236978176,245366784,3379096,0,667240,77975552,108720136,375994357,154077176,16607114273,41659053139,16983108630,41813130315,25,4
42000080963,1791609125565,steady,31,4,4941971576,12923552,40849208,,18338200,0,236978176,245366784,3379096,0,667240,77975552,108720136,375994357,154077176,17009775864,42658914782,17385770221,42812991958,25,4
43000363544,1791609126566,steady,32,4,5102772488,12923552,40849208,,19161488,0,238026752,245366784,3422392,0,941680,77131776,111822840,386001393,158124955,17405261075,43655149976,17791262468,43813274931,25,4
44000320348,1791609127566,steady,33,4,5258162584,12923552,40849208,,20065312,0,238026752,245366784,3391824,0,877536,77361152,115030360,396223657,162354054,17815995016,44650878055,18212218673,44813232109,25,4
45000894416,1791609128566,steady,34,4,5414712480,12923552,40849208,,20869432,0,238026752,245366784,3389904,0,732872,76660736,118090232,406465459,166270888,18227567193,45647533868,18634032652,45813804756,25,4
46001068178,1791609129566,steady,35,5,5575735344,12923552,53159768,12310560,12310560,1,195035136,245366784,3223968,0,624608,43372544,127178912,430412820,176667721,18624244166,46637315826,19054656986,46813983547,25,4
47000129613,1791609130565,steady,35,5,5575735344,12923552,53159768,,12310560,1,195035136,245366784,3223968,0,624608,43372544,127178912,430412820,176667721,19021808564,47636378113,19452221384,47813045834,25,4
48000749950,1791609131566,steady,36,5,5738749568,12923552,53159768,,13372848,0,231735296,245366784,3310824,0,692816,77778944,130223496,443138306,181323073,19423105365,48632336506,19866243671,48813659579,25,4
49000252918,1791609132566,steady,37,5,5895662096,12923552,53159768,,13852320,0,231735296,245366784,3281200,0,1012064,77238272,133021888,452768230,185157799,19816169147,49628005537,20268937377,49813163336,25,4
50000083292,1791609133565,steady,38,5,6059469624,12923552,53159768,,14871456,0,232783872,245366784,3285080,0,840800,77942784,136086992,464068699,189733318,20215926812,50623262098,20679995511,50812995416,25,4
51000804514,1791609134566,steady,38,5,6059469624,12923552,53159768,,14871456,0,232783872,245366784,3285080,0,840800,77942784,136086992,464068699,189733318,20609698735,51623981566,21073767434,51813714884,25,4
52000787672,1791609135566,steady,39,5,6221328960,12923552,53159768,,15526880,0,232783872,245366784,3332280,0,836640,76582912,138993848,473959415,193488494,21000719156,52620209961,21474678571,52813698455,25,4
53000397450,1791609136566,steady,40,5,6385313320,12923552,53159768,,16469744,0,234881024,245366784,3295560,0,876816,78249984,142119584,485501162,197716775,21392742951,53615595706,21878244113,53813312481,25,4
54000746458,1791609137566,steady,41,5,6543688968,12923552,53159768,,17137264,0,234881024,245366784,3301656,0,811408,77676544,145083480,495574773,201483851,21808886317,54612173436,22304461090,54813657287,25,4
55000911686,1791609138566,steady,41,5,6543688968,12923552,53159768,,17137264,0,234881024,245366784,3301656,0,811408,77676544,145083480,495574773,201483851,22212074097,55612342095,22707648870,55813825946,25,4
56000761871,1791609139566,steady,42,5,6702760056,12923552,53159768,,18181280,0,235929600,245366784,3342456,0,824160,75886592,148274432,507531994,205779969,22604971518,56607897577,23112503512,56813677546,25,4
57000752607,1791609140566,steady,43,5,6865704328,12923552,53159768,,18950152,0,238026752,245366784,3303400,0,833528,77631488,151376928,520719128,210559785,22998824513,57603103388,23519543641,57813663173,25,4
58000110895,1791609141565,steady,44,5,7024899760,12923552,53159768,,19923280,0,238026752,245366784,3311128,0,876208,77856768,154623688,530880187,214305329,23399232060,58598717350,23930112247,58813022679,25,4
59000843299,1791609142566,steady,44,5,7024899760,12923552,53159768,,19923280,0,238026752,245366784,3311128,0,876208,77856768,154623688,530880187,214305329,23807248334,59599449755,24338128521,59813755084,25,4
60001044676,1791609143566,steady,45,5,7181339056,12923552,53159768,,20722480,0,238026752,245366784,3352240,0,1068240,75841536,157673440,540937011,218216014,24224087165,60595740533,24765024176,60813956547,25,4
61000217637,1791609144566,steady,46,5,7339554152,12923552,53159768,,21310288,0,238026752,245366784,3319376,0,1139888,75395072,160516736,551716172,222783424,24642414625,61590347077,25194130797,61813130501,25,4
62001006948,1791609145566,steady,47,5,7494944064,12923552,53159768,,22261728,0,238026752,245366784,3327280,0,933920,74579968,163536896,561671768,226492189,25033821327,62587426245,25595493095,62813918434,25,4
63001075023,1791609146566,steady,47,5,7494944064,12923552,53159768,,22261728,0,238026752,245366784,3327280,0,933920,74579968,163536896,561671768,226492189,25428972517,63587493165,25990644285,63813985354,25,4
64000724048,1791609147566,steady,48,5,7654283816,12923552,53159768,,22966880,0,240123904,245366784,3374288,0,1367456,75821056,166429600,573414184,231418493,25815137267,64582216941,26388551451,64813635434,25,4
65000225437,1791609148566,steady,49,6,7812051640,13553360,66713128,13553360,13553360,1,210763776,248512512,3294072,0,1036592,56758272,176690968,602083000,242913499,26193659955,65570222229,26795742955,65813135728,25,4
66000414159,1791609149566,steady,50,6,7972906392,13553360,66713128,,14216624,0,232783872,248512512,3341080,0,1495632,76640256,179529048,616346047,249156280,26605280826,66564169270,27221626873,66813325550,25,4
67000048395,1791609150565,steady,50,6,7972906392,13553360,66713128,,14216624,0,232783872,248512512,3341080,0,1495632,76640256,179529048,616346047,249156280,26992708278,67563803101,27609054325,67812959381,25,4
68001062966,1791609151566,steady,51,6,8131864416,13553360,66713128,,15181008,0,232783872,248512512,3387424,0,1391408,75993088,182551480,627615460,253751593,27381283181,68560223927,28008898641,68813975520,25,4
69000438220,1791609152566,steady,52,6,8290233624,13553360,66713128,,15758944,0,232783872,248512512,3356320,0,1292704,75661312,185393208,637095473,257692048,27788334517,69555662013,28425429990,69813354061,25,4
70000989712,1791609153566,steady,53,6,8450971176,13553360,66713128,,16717960,0,233832448,248512512,3354256,0,1083256,76320768,188454328,648300878,261846581,28188120729,70552053553,28836421607,70813900134,25,4
71000362531,1791609154566,steady,53,6,8450971176,13553360,66713128,,16717960,0,233832448,248512512,3354256,0,1083256,76320768,188454328,648300878,261846581,28569856328,71551426378,29218157206,71813272959,25,4
72000766673,1791609155566,steady,54,6,8615192784,13553360,66713128,,17475304,0,236978176,248512512,3402544,0,1239320,77918208,191417840,659991500,266526205,28950356968,72547153124,29610348468,72813679329,25,4
73001058859,1791609156566,steady,55,6,8778167560,13553360,66713128,,18383776,0,236978176,248512512,3363624,0,1133664,77660160,194572672,670713386,270552882,29327394599,73543418685,29998107985,73813971567,25,4
74000105461,1791609157565,steady,56,6,8937591136,13553360,66713128,,19065944,0,236978176,248512512,3374528,0,1172392,77131776,197533704,680866993,274387716,29721655643,74538627578,30402522636,74813015294,25,4
75000420975,1791609158566,steady,56,6,8937591136,13553360,66713128,,19065944,0,236978176,248512512,3374528,0,1172392,77131776,197533704,680866993,274387716,30097704684,75538942802,30778571677,75813330518,25,4
76000237140,1791609159566,steady,57,6,9103637120,13553360,66713128,,20044864,0,242221056,248512512,3419744,0,1549248,79454208,200647536,694965234,280296853,30472862508,76532852080,31167827742,76813148933,25,4
77000725298,1791609160566,steady,58,6,9264268096,13553360,66713128,,20758960,0,242221056,248512512,3381920,0,1228368,80445440,203675240,705270142,284108137,30845662096,77529528606,31550932238,77813636743,25,4
78000411679,1791609161566,steady,59,6,9425935456,13553360,66713128,,21337472,0,242221056,248512512,3383592,0,1718912,79577088,206491568,715555266,288503335,31223868541,78524818618,31939423807,78813321953,25,4
79000341688,1791609162566,steady,59,6,9425935456,13553360,66713128,,21337472,0,242221056,248512512,3383592,0,1718912,79577088,206491568,715555266,288503335,31608912080,79524750813,32324467346,79813254148,25,4
80000998216,1791609163566,steady,60,6,9585159984,13553360,66713128,,22304960,0,242221056,248512512,3437432,0,1697600,77762560,209492680,726812942,293087771,32011119212,80520827046,32737932154,80813914817,25,4
81000508053,1791609164566,steady,61,6,9745835000,13553360,66713128,,22865128,0,242221056,248512512,3394088,0,1399576,76791808,212334032,736790792,296895653,32423108419,81516523100,33159899211,81813418753,25,4
82000866461,1791609165566,steady,62,6,9908670880,13553360,66713128,,23845056,0,242221056,248512512,3402192,0,1328960,77451264,215413672,746843687,300712471,32832633526,82513065633,33579477213,82813778104,25,4
83000916141,1791609166566,steady,62,6,9908670880,13553360,66713128,,23845056,0,242221056,248512512,3402192,0,1328960,77451264,215413672,746843687,300712471,33234796875,83513114341,33981640562,83813826812,25,4
84000047440,1791609167565,steady,63,6,10069202584,13553360,66713128,,24498880,0,244318208,248512512,3453392,0,1383744,77058048,218306488,757810694,304919690,33633066146,84508038032,34390876840,84812957722,25,4
85000917640,1791609168566,steady,64,7,10229499616,14811432,81524560,14811432,14811432,1,217055232,253755392,3371600,0,1306328,60329984,229748416,788129948,316757528,34021516391,85497071237,34809646339,85813828765,25,4
86000311794,1791609169566,steady,65,7,10385592240,14811432,81524560,,15466560,0,230686720,253755392,3414720,0,1372096,74051584,232610072,800671769,321207264,34427975039,86492014581,35228646808,86813221845,25,4
87000590698,1791609170566,steady,66,7,10546339968,14811432,81524560,,16455416,0,233832448,253755392,3420304,0,1419528,76374016,235694880,813479786,325940062,34853425158,87487563233,35666904944,87813503295,25,4
88000847529,1791609171566,steady,66,7,10546339968,14811432,81524560,,16455416,0,233832448,253755392,3420304,0,1419528,76374016,235694880,813479786,325940062,35267301869,88487819011,36080781655,88813759073,25,4
89000325544,1791609172566,steady,67,7,10703972728,14811432,81524560,,17154440,0,233832448,253755392,3464528,0,1531512,74780672,238606608,823290736,329752710,35661566788,89483483539,36484857524,89813236249,25,4
90000769998,1791609173566,steady,68,7,10864744920,14811432,81524560,,18088432,0,235929600,253755392,3430400,0,1551888,76083200,241719784,834485422,334151806,36068922311,90479542352,36903407733,90813694158,25,4
91000330101,1791609174566,steady,69,7,11022470680,14811432,81524560,,18790664,0,235929600,253755392,3433960,0,1718008,75333632,244672544,843961219,337955521,36480751799,91475285117,37324713018,91813240638,25,4
91260215390,1791609174826,drain,69,7,11022470680,14811432,81524560,,18790664,0,235929600,253755392,3433960,0,1718008,75333632,244672544,843961219,337955521,36581633608,91735170985,37425594827,92073126506,25,4
91564568926,1791609175130,done,70,8,11074396328,14811432,94429616,12905056,12905056,1,222298112,253755392,3294624,0,730528,68861952,254285224,858031417,342993883,36665923827,92034488946,37523955244,92377482829,37,4
