t_mono_ns,t_wall_ms,phase,rss_bytes,rss_max_bytes,os_threads,open_fds,cpu_user_ns,cpu_system_ns,cpu_total_ns,voluntary_ctxt_switches,nonvoluntary_ctxt_switches
10803081,1791606391042,warm-up,37912576,37912576,17,47,10000000,30000000,40000000,206,0
1001011984,1791606392032,warm-up,176398336,176398336,26,50,240000000,220000000,460000000,206,0
2000551836,1791606393032,warm-up,228438016,230875136,26,51,410000000,330000000,740000000,206,0
3000543292,1791606394032,warm-up,240865280,240865280,26,51,610000000,440000000,1050000000,206,0
4000626262,1791606395032,warm-up,254189568,262324224,26,51,760000000,530000000,1290000000,206,0
5000862700,1791606396032,warm-up,259981312,262324224,27,51,970000000,670000000,1640000000,206,0
6000585814,1791606397032,warm-up,260972544,266395648,27,51,1170000000,800000000,1970000000,206,0
7000995273,1791606398032,warm-up,273817600,273817600,27,51,1380000000,900000000,2280000000,206,0
8000257297,1791606399031,warm-up,267071488,274939904,27,51,1610000000,1000000000,2610000000,206,0
9000469458,1791606400032,warm-up,259641344,275578880,29,51,1830000000,1100000000,2930000000,206,0
10000716385,1791606401032,warm-up,268496896,275578880,31,51,2040000000,1200000000,3240000000,206,0
11000795865,1791606402032,warm-up,267603968,276439040,31,51,2260000000,1310000000,3570000000,206,0
12001046798,1791606403032,warm-up,278208512,278208512,31,51,2500000000,1410000000,3910000000,206,0
13000319883,1791606404031,warm-up,272351232,278851584,31,51,2730000000,1510000000,4240000000,206,0
14000470067,1791606405032,warm-up,276385792,284794880,31,51,2960000000,1640000000,4600000000,206,0
15000692100,1791606406032,warm-up,283185152,284794880,32,51,3220000000,1760000000,4980000000,206,0
16000206301,1791606407031,warm-up,280907776,286289920,31,51,3460000000,1900000000,5360000000,206,0
17000430072,1791606408032,warm-up,281579520,287293440,31,51,3720000000,2000000000,5720000000,206,0
18000165705,1791606409031,warm-up,289193984,289193984,31,51,3950000000,2110000000,6060000000,206,0
19000347719,1791606410031,warm-up,282562560,291627008,31,51,4200000000,2220000000,6420000000,206,0
20000396623,1791606411031,warm-up,279879680,291627008,31,51,4460000000,2310000000,6770000000,206,0
21000541514,1791606412032,warm-up,286875648,291627008,31,51,4680000000,2410000000,7090000000,206,0
22000340300,1791606413031,warm-up,284585984,291627008,31,51,4910000000,2500000000,7410000000,206,0
23000568701,1791606414032,warm-up,291422208,291627008,31,51,5110000000,2600000000,7710000000,206,0
24000340959,1791606415031,warm-up,284123136,291950592,30,51,5340000000,2690000000,8030000000,206,0
25000533358,1791606416032,warm-up,277176320,292515840,31,51,5570000000,2800000000,8370000000,206,0
26000080993,1791606417031,warm-up,284102656,292515840,31,51,5780000000,2900000000,8680000000,206,0
27001008703,1791606418032,warm-up,282755072,292515840,31,51,6010000000,3030000000,9040000000,206,0
28001005931,1791606419032,warm-up,282222592,292515840,30,51,6250000000,3150000000,9400000000,206,0
29000577544,1791606420032,warm-up,288763904,292515840,31,51,6470000000,3240000000,9710000000,206,0
30000428899,1791606421032,warm-up,289566720,303566848,31,51,6710000000,3350000000,10060000000,206,0
30244895232,1791606421276,steady,284717056,303566848,31,53,6730000000,3360000000,10090000000,220,0
31000624140,1791606422032,steady,290107392,303566848,31,53,6910000000,3450000000,10360000000,220,0
32001087805,1791606423032,steady,288251904,303566848,30,53,7180000000,3570000000,10750000000,220,0
33000621084,1791606424032,steady,299429888,303566848,31,53,7410000000,3690000000,11100000000,220,0
34000437439,1791606425032,steady,293814272,303566848,31,53,7640000000,3810000000,11450000000,220,0
35000058607,1791606426031,steady,294318080,303566848,31,53,7900000000,3920000000,11820000000,220,0
36000583919,1791606427032,steady,305082368,305082368,31,53,8140000000,4030000000,12170000000,220,0
37001024165,1791606428032,steady,295460864,305328128,31,53,8390000000,4160000000,12550000000,220,0
38000926747,1791606429032,steady,291819520,305328128,31,53,8650000000,4260000000,12910000000,220,0
39000555223,1791606430032,steady,301838336,305328128,31,53,8890000000,4350000000,13240000000,220,0
40000552066,1791606431032,steady,298151936,305328128,30,53,9130000000,4460000000,13590000000,220,0
41000927035,1791606432032,steady,294486016,306839552,31,53,9370000000,4570000000,13940000000,220,0
42000194104,1791606433031,steady,303669248,306839552,31,53,9590000000,4690000000,14280000000,220,0
43000120576,1791606434031,steady,300834816,306839552,31,53,9850000000,4800000000,14650000000,220,0
44000969666,1791606435032,steady,297861120,308998144,31,53,10100000000,4900000000,15000000000,220,0
45000043155,1791606436031,steady,306008064,308998144,31,53,10340000000,5000000000,15340000000,220,0
46000820776,1791606437032,steady,301248512,308998144,31,53,10570000000,5140000000,15710000000,220,0
47000259900,1791606438031,steady,296529920,308998144,31,53,10820000000,5240000000,16060000000,220,0
48000529375,1791606439032,steady,302972928,308998144,31,53,11060000000,5350000000,16410000000,220,0
49000944980,1791606440032,steady,304373760,308998144,31,53,11330000000,5460000000,16790000000,220,0
50000522345,1791606441032,steady,294625280,312258560,31,53,11570000000,5580000000,17150000000,220,0
51000296178,1791606442031,steady,301473792,312258560,31,53,11770000000,5660000000,17430000000,220,0
52000687945,1791606443032,steady,301854720,312258560,31,53,12020000000,5780000000,17800000000,220,0
53000676520,1791606444032,steady,304533504,312258560,31,53,12280000000,5890000000,18170000000,220,0
54000737565,1791606445032,steady,312569856,312569856,30,53,12500000000,6010000000,18510000000,220,0
55000125466,1791606446031,steady,301375488,316583936,30,53,12700000000,6080000000,18780000000,220,0
56000434647,1791606447032,steady,309444608,316583936,31,53,12940000000,6190000000,19130000000,220,0
57000559813,1791606448032,steady,299814912,316583936,30,53,13170000000,6270000000,19440000000,220,0
58000289114,1791606449031,steady,295862272,316583936,31,53,13410000000,6370000000,19780000000,220,0
59000548874,1791606450032,steady,303566848,316583936,31,53,13630000000,6480000000,20110000000,220,0
60000964674,1791606451032,steady,299417600,316583936,30,53,13840000000,6590000000,20430000000,220,0
61000449704,1791606452032,steady,296681472,316583936,31,53,14070000000,6700000000,20770000000,220,0
62000145453,1791606453031,steady,305057792,316583936,30,53,14300000000,6830000000,21130000000,220,0
63000712181,1791606454032,steady,301170688,316583936,31,53,14550000000,6950000000,21500000000,220,0
64000108746,1791606455031,steady,302608384,316583936,31,53,14790000000,7070000000,21860000000,220,0
65000945555,1791606456032,steady,314650624,316583936,31,53,15020000000,7180000000,22200000000,220,0
66000230659,1791606457031,steady,303554560,316583936,31,53,15240000000,7300000000,22540000000,220,0
67000930362,1791606458032,steady,294400000,316583936,30,53,15490000000,7420000000,22910000000,220,0
68000393137,1791606459031,steady,303738880,316583936,30,53,15740000000,7520000000,23260000000,220,0
69000226455,1791606460031,steady,302215168,316583936,32,53,15980000000,7640000000,23620000000,220,0
70000766948,1791606461032,steady,300998656,316583936,30,53,16230000000,7750000000,23980000000,220,0
71000139728,1791606462031,steady,309096448,316583936,31,53,16470000000,7850000000,24320000000,220,0
72000954561,1791606463032,steady,300773376,316583936,31,53,16710000000,7970000000,24680000000,220,0
73000063630,1791606464031,steady,301088768,316583936,30,53,16960000000,8060000000,25020000000,220,0
74001006120,1791606465032,steady,309444608,316583936,30,53,17200000000,8150000000,25350000000,220,0
75000722360,1791606466032,steady,305029120,316583936,31,53,17440000000,8280000000,25720000000,220,0
76001027191,1791606467032,steady,300851200,316583936,31,53,17680000000,8410000000,26090000000,220,0
77000881814,1791606468032,steady,306860032,316583936,30,53,17910000000,8520000000,26430000000,220,0
78000877704,1791606469032,steady,306458624,316583936,32,53,18150000000,8630000000,26780000000,220,0
79001100178,1791606470032,steady,307474432,316583936,31,53,18400000000,8750000000,27150000000,220,0
80000055943,1791606471031,steady,304410624,316583936,31,53,18640000000,8870000000,27510000000,220,0
81000091136,1791606472031,steady,308154368,316583936,31,53,18870000000,8980000000,27850000000,220,0
82000944323,1791606473032,steady,305025024,316583936,31,53,19120000000,9100000000,28220000000,220,0
83000869294,1791606474032,steady,304246784,316583936,31,53,19350000000,9210000000,28560000000,220,0
84000854125,1791606475032,steady,307982336,316583936,30,53,19580000000,9300000000,28880000000,220,0
85000656638,1791606476032,steady,307912704,316583936,30,53,19830000000,9390000000,29220000000,220,0
86000612174,1791606477032,steady,304848896,316792832,31,53,20070000000,9520000000,29590000000,220,0
87000644218,1791606478032,steady,310464512,316792832,31,53,20290000000,9620000000,29910000000,220,0
88000793230,1791606479032,steady,308817920,316792832,31,53,20530000000,9730000000,30260000000,220,0
89000973792,1791606480032,steady,311877632,316792832,30,53,20760000000,9830000000,30590000000,220,0
90000394340,1791606481031,steady,309129216,316792832,31,53,21000000000,9940000000,30940000000,220,0
91000740516,1791606482032,steady,306200576,316792832,30,53,21250000000,10040000000,31290000000,220,0
91253998718,1791606482285,drain,306397184,316792832,30,53,21310000000,10060000000,31370000000,226,0
91541303978,1791606482572,done,304074752,316792832,30,52,21390000000,10070000000,31460000000,248,1
