t_mono_ns,t_wall_ms,phase,current_wal_bytes,wal_records,wal_fpi,wal_bytes,wal_buffers_full
10084835,1791609382928,warm-up,29055944592,34561418,74942,3585215552,0
1000198482,1791609383918,warm-up,29057831824,34574982,74944,3586523818,0
2000921809,1791609384919,warm-up,29059685472,34587489,74944,3587737081,0
3000223491,1791609385918,warm-up,29061576728,34606554,74944,3589596610,0
4000624615,1791609386919,warm-up,29063487592,34625819,74944,3591475935,0
5000816998,1791609387919,warm-up,29065449680,34642921,74944,3593135520,0
6001047727,1791609388919,warm-up,29067377648,34660016,74944,3594801782,0
7000634547,1791609389919,warm-up,29069222856,34679447,74944,3596695102,0
8000195742,1791609390918,warm-up,29071137976,34698135,74944,3598512130,0
9000555844,1791609391919,warm-up,29073033216,34717437,74944,3600401364,0
10000621090,1791609392919,warm-up,29074934928,34736616,74944,3602274269,0
11000622203,1791609393919,warm-up,29076807480,34755721,74944,3604127308,0
12000498253,1791609394919,warm-up,29078662192,34774357,74944,3605952951,0
13000266221,1791609395919,warm-up,29080622576,34793545,74944,3607846403,0
14000071697,1791609396918,warm-up,29082513272,34812641,74944,3609726941,0
15000819033,1791609397919,warm-up,29084399536,34831657,74944,3611578832,0
16000988847,1791609398919,warm-up,29086249392,34850649,74944,3613429009,0
17000151968,1791609399918,warm-up,29088121600,34869206,74944,3615229880,0
18001021734,1791609400919,warm-up,29089949472,34888262,74944,3617096913,0
19000313096,1791609401919,warm-up,29091821648,34904160,74944,3618655244,0
20000155199,1791609402918,warm-up,29093686904,34923077,74944,3620502730,0
21001076187,1791609403919,warm-up,29095574016,34941710,74944,3622321849,0
22001071487,1791609404919,warm-up,29097419832,34960811,74944,3624178666,0
23000849285,1791609405919,warm-up,29099249424,34979353,74944,3625989854,0
24000333997,1791609406919,warm-up,29101087968,34997771,74944,3627785115,0
25000281877,1791609407919,warm-up,29102926400,35016205,74944,3629588482,0
26000959106,1791609408919,warm-up,29104797904,35034848,74944,3631405498,0
27009168601,1791609409927,warm-up,29106650560,35053650,74944,3633239857,0
28000912758,1791609410919,warm-up,29108425560,35072220,74944,3635047628,0
29000089908,1791609411918,warm-up,29110242112,35090289,74944,3636811121,0
30000995437,1791609412919,warm-up,29112066944,35108552,74944,3638593511,0
30252163361,1791609413170,steady,29112088960,35125983,74944,3640293106,0
31000909158,1791609413919,steady,29113426544,35125983,74944,3640293106,0
32000193692,1791609414918,steady,29115277768,35143448,74944,3642001404,0
33000592989,1791609415919,steady,29117175792,35162280,74944,3643832046,0
34000391415,1791609416919,steady,29119006896,35181591,74944,3645721006,0
35000645992,1791609417919,steady,29120862248,35199962,74944,3647510984,0
36000687360,1791609418919,steady,29122687464,35218368,74944,3649303146,0
37000864820,1791609419919,steady,29124326424,35236301,74944,3651059203,0
38000072493,1791609420918,steady,29126100704,35253114,74944,3652697099,0
39000305455,1791609421919,steady,29127899608,35271243,74944,3654467853,0
40000192830,1791609422918,steady,29129739008,35289458,74944,3656242973,0
41000985954,1791609423919,steady,29131592928,35307863,74944,3658031994,0
42000998484,1791609424919,steady,29133402976,35326581,74944,3659862105,0
43000337468,1791609425919,steady,29135250352,35345075,74944,3661655536,0
44000389080,1791609426919,steady,29137130960,35363688,74944,3663474088,0
45000100420,1791609427918,steady,29138963272,35382396,74944,3665292964,0
46000144607,1791609428918,steady,29140751736,35401007,74944,3667110401,0
47000645472,1791609429919,steady,29142553832,35419042,74944,3668858509,0
48001052264,1791609430919,steady,29144358832,35437398,74944,3670638489,0
49000882586,1791609431919,steady,29146206728,35455685,74944,3672429610,0
50000728022,1791609432919,steady,29147981328,35474057,74944,3674211980,0
51000422496,1791609433919,steady,29149807160,35492160,74944,3675976529,0
52000758556,1791609434919,steady,29151647496,35510426,74944,3677748468,0
53000620386,1791609435919,steady,29153462256,35529231,74944,3679579630,0
54001005757,1791609436919,steady,29155271544,35547484,74944,3681360907,0
55000978893,1791609437919,steady,29157120472,35565673,74944,3683120951,0
56000839039,1791609438919,steady,29158951384,35584537,74944,3684961705,0
57000202003,1791609439918,steady,29160766120,35603123,74944,3686762253,0
58000510788,1791609440919,steady,29162599888,35621430,74944,3688547575,0
59001061799,1791609441919,steady,29164398256,35639719,74944,3690315247,0
60000978101,1791609442919,steady,29166213576,35658069,74944,3692102638,0
61000439001,1791609443919,steady,29168029560,35676454,74944,3693884801,0
62001054689,1791609444919,steady,29169828680,35694853,74944,3695664409,0
63000434688,1791609445919,steady,29171603456,35712961,74944,3697431151,0
64000459102,1791609446919,steady,29173382240,35730994,74944,3699179848,0
65001039602,1791609447919,steady,29175119824,35748549,74945,3700882969,0
66000327014,1791609448919,steady,29176884312,35766232,74945,3702595582,0
67000736007,1791609449919,steady,29178648936,35784638,74945,3704382286,0
68001041935,1791609450919,steady,29180480912,35802494,74945,3706120221,0
69000705679,1791609451919,steady,29182282928,35820823,74945,3707880596,0
70000358763,1791609452919,steady,29184125880,35839724,74945,3709700029,0
71001020059,1791609453919,steady,29185932008,35858274,74945,3711480060,0
72000295383,1791609454919,steady,29187747984,35876832,74945,3713270393,0
73000607239,1791609455919,steady,29189914016,35895307,74945,3715044857,0
74001078216,1791609456919,steady,29191816760,35913695,74946,3716808485,0
75000377959,1791609457919,steady,29193722592,35933143,74946,3718678711,0
76000857933,1791609458919,steady,29195612504,35952474,74946,3720533524,0
77000818389,1791609459919,steady,29197445304,35971622,74946,3722379259,0
78000254319,1791609460919,steady,29199267720,35990378,74946,3724177736,0
79000571943,1791609461919,steady,29201157104,36015341,74961,3726374644,0
80000845280,1791609462919,steady,29203025120,36034503,74961,3728206526,0
81000227531,1791609463918,steady,29204901360,36053495,74961,3730035143,0
82000126887,1791609464918,steady,29206747960,36072809,74961,3731888588,0
83000703530,1791609465919,steady,29208621184,36091713,74961,3733710188,0
84000068875,1791609466918,steady,29210507416,36110808,74961,3735539569,0
85000767186,1791609467919,steady,29212397960,36130069,74961,3737397855,0
86001072196,1791609468919,steady,29214265280,36149421,74961,3739253134,0
87000284547,1791609469919,steady,29216148152,36168613,74961,3741100744,0
88000498536,1791609470919,steady,29218026032,36187897,74961,3742949039,0
89000798211,1791609471919,steady,29219899688,36206916,74961,3744782328,0
90000722597,1791609472919,steady,29221807784,36226304,74961,3746640725,0
91000655173,1791609473919,steady,29223706752,36245877,74961,3748525626,0
91259579352,1791609474178,drain,29224180888,36245877,74961,3748525626,0
91557927750,1791609474476,done,29224180888,36263344,74961,3750199225,0
