t_mono_ns,t_wall_ms,phase,offered,started,completed,failed,max_lag_ns
9774855,1791608481792,warm-up,0,0,0,0,0
10692255,1791608481792,warm-up,4,4,0,0,1393
110974894,1791608481893,warm-up,69,69,65,0,4380
211239239,1791608481993,warm-up,156,156,152,0,6723
311721520,1791608482094,warm-up,243,243,239,0,7657
411965003,1791608482194,warm-up,331,331,327,0,7657
512209886,1791608482294,warm-up,422,422,418,0,7657
612515570,1791608482394,warm-up,512,512,508,0,8777
712789731,1791608482495,warm-up,600,600,596,0,8777
813084919,1791608482595,warm-up,690,690,686,0,8777
913334056,1791608482695,warm-up,781,781,777,0,8777
1014796160,1791608482797,warm-up,870,870,866,0,8777
1115033864,1791608482897,warm-up,955,955,951,0,8777
1215280837,1791608482997,warm-up,1045,1045,1041,0,8777
1315564503,1791608483097,warm-up,1132,1132,1128,0,8777
1419993735,1791608483202,warm-up,1220,1220,1216,0,8777
1520319077,1791608483302,warm-up,1315,1315,1311,0,8777
1620635285,1791608483402,warm-up,1405,1405,1401,0,8777
1720859231,1791608483503,warm-up,1493,1493,1489,0,8777
1821141873,1791608483603,warm-up,1583,1583,1579,0,8777
1921400356,1791608483703,warm-up,1673,1673,1669,0,8777
2022799382,1791608483805,warm-up,1764,1764,1760,0,8777
2123057514,1791608483905,warm-up,1855,1855,1851,0,8777
2223301665,1791608484005,warm-up,1944,1944,1940,0,8777
2323531140,1791608484105,warm-up,2037,2037,2033,0,8777
2423833569,1791608484206,warm-up,2133,2133,2129,0,8777
2524086528,1791608484306,warm-up,2224,2224,2220,0,8777
2624332484,1791608484406,warm-up,2315,2315,2311,0,8777
2724570567,1791608484506,warm-up,2406,2406,2402,0,8777
2824807036,1791608484607,warm-up,2485,2485,2481,0,8777
2925101904,1791608484707,warm-up,2580,2580,2576,0,8777
3026849891,1791608484809,warm-up,2673,2673,2669,0,8777
3127097006,1791608484909,warm-up,2764,2764,2760,0,8777
3227312854,1791608485009,warm-up,2857,2857,2853,0,8777
3327583862,1791608485109,warm-up,2949,2949,2945,0,8777
3427807567,1791608485210,warm-up,3040,3040,3036,0,8777
3528028880,1791608485310,warm-up,3133,3133,3129,0,8777
3628281579,1791608485410,warm-up,3225,3225,3221,0,8777
3728535738,1791608485510,warm-up,3313,3313,3309,0,8777
3828773751,1791608485611,warm-up,3403,3403,3399,0,8777
3929022870,1791608485711,warm-up,3495,3495,3491,0,8777
4031929422,1791608485814,warm-up,3590,3590,3586,0,8777
4132168981,1791608485914,warm-up,3682,3682,3678,0,8777
4232338994,1791608486014,warm-up,3762,3762,3758,0,8777
4332571100,1791608486114,warm-up,3852,3852,3848,0,13473
4432798759,1791608486215,warm-up,3943,3943,3939,0,13473
4533027987,1791608486315,warm-up,4035,4035,4031,0,13473
4633286274,1791608486415,warm-up,4124,4124,4120,0,13473
4733518973,1791608486515,warm-up,4212,4212,4208,0,13473
4833805762,1791608486616,warm-up,4301,4301,4297,0,13473
4934031502,1791608486716,warm-up,4390,4390,4386,0,13473
5036648906,1791608486818,warm-up,4480,4480,4476,0,13473
5136887957,1791608486919,warm-up,4566,4566,4562,0,13473
5237145408,1791608487019,warm-up,4655,4655,4651,0,13473
5337362809,1791608487119,warm-up,4744,4744,4740,0,13473
5437598714,1791608487219,warm-up,4831,4831,4827,0,13473
5537817932,1791608487320,warm-up,4921,4921,4917,0,13473
5638042198,1791608487420,warm-up,5008,5008,5004,0,13473
5738637280,1791608487520,warm-up,5087,5087,5084,0,13473
5839000093,1791608487621,warm-up,5175,5175,5171,0,13473
5939282784,1791608487721,warm-up,5262,5262,5258,0,13473
6042922894,1791608487825,warm-up,5353,5353,5349,0,13473
6143178123,1791608487925,warm-up,5441,5441,5437,0,13473
6243313885,1791608488025,warm-up,5527,5527,5523,0,13473
6343585141,1791608488125,warm-up,5619,5619,5615,0,13473
6443850151,1791608488226,warm-up,5709,5709,5705,0,13473
6544086810,1791608488326,warm-up,5799,5799,5795,0,13473
6644316372,1791608488426,warm-up,5888,5888,5884,0,13473
6744528126,1791608488526,warm-up,5974,5974,5970,0,13473
6844875810,1791608488627,warm-up,6063,6063,6059,0,13473
6945097857,1791608488727,warm-up,6153,6153,6149,0,13473
7048510795,1791608488830,warm-up,6247,6247,6243,0,13473
7148766744,1791608488931,warm-up,6330,6330,6326,0,13473
7248981750,1791608489031,warm-up,6419,6419,6415,0,13473
7349239616,1791608489131,warm-up,6512,6512,6508,0,13473
7449470121,1791608489231,warm-up,6603,6603,6599,0,13473
7549783160,1791608489332,warm-up,6697,6697,6693,0,13473
7649995956,1791608489432,warm-up,6784,6784,6780,0,13473
7750239929,1791608489532,warm-up,6873,6873,6869,0,13473
7850535441,1791608489632,warm-up,6964,6964,6960,0,13473
7950812640,1791608489733,warm-up,7055,7055,7051,0,13473
8054337395,1791608489836,warm-up,7146,7146,7142,0,13473
8154605494,1791608489936,warm-up,7233,7233,7229,0,13473
8254875963,1791608490037,warm-up,7320,7320,7316,0,13473
8355150596,1791608490137,warm-up,7410,7410,7406,0,13473
8455320889,1791608490237,warm-up,7498,7498,7494,0,13473
8555562864,1791608490337,warm-up,7588,7588,7584,0,13473
8655823361,1791608490438,warm-up,7669,7669,7665,0,13473
8756086037,1791608490538,warm-up,7760,7760,7756,0,13473
8856322102,1791608490638,warm-up,7853,7853,7849,0,13473
8956533981,1791608490738,warm-up,7945,7945,7941,0,13473
9061382604,1791608490843,warm-up,8041,8041,8037,0,13473
9161609991,1791608490943,warm-up,8127,8127,8123,0,13473
9261833596,1791608491044,warm-up,8213,8213,8209,0,13473
9362081454,1791608491144,warm-up,8301,8301,8297,0,13473
9462341298,1791608491244,warm-up,8392,8392,8388,0,13473
9562600022,1791608491344,warm-up,8480,8480,8476,0,13473
9662853274,1791608491445,warm-up,8567,8567,8563,0,13473
9763079717,1791608491545,warm-up,8654,8654,8650,0,13473
9863431875,1791608491645,warm-up,8743,8743,8739,0,13473
9963666992,1791608491745,warm-up,8830,8830,8826,0,13473
10069138208,1791608491851,warm-up,8916,8916,8912,0,13473
10169709587,1791608491951,warm-up,9002,9002,8998,0,13473
10270147069,1791608492052,warm-up,9091,9091,9087,0,13473
10370571205,1791608492152,warm-up,9179,9179,9175,0,13473
10470979021,1791608492253,warm-up,9267,9267,9263,0,13473
10571142136,1791608492353,warm-up,9355,9355,9351,0,13473
10671619244,1791608492453,warm-up,9443,9443,9439,0,13473
10771877294,1791608492554,warm-up,9531,9531,9527,0,14955
10872621780,1791608492654,warm-up,9619,9619,9615,0,14955
10973422272,1791608492755,warm-up,9709,9709,9705,0,14955
11079135280,1791608492861,warm-up,9801,9801,9797,0,14955
11180020898,1791608492962,warm-up,9890,9890,9886,0,14955
11280947529,1791608493063,warm-up,9979,9979,9975,0,14955
11381954455,1791608493164,warm-up,10069,10069,10065,0,14955
11483114169,1791608493265,warm-up,10155,10155,10151,0,14955
11583841073,1791608493366,warm-up,10245,10245,10241,0,14955
11684055244,1791608493466,warm-up,10335,10335,10331,0,14955
11784999931,1791608493567,warm-up,10425,10425,10421,0,14955
11885973028,1791608493668,warm-up,10516,10516,10512,0,14955
11986763260,1791608493769,warm-up,10606,10606,10602,0,14955
12093285306,1791608493875,warm-up,10700,10700,10696,0,14955
12194206882,1791608493976,warm-up,10788,10788,10784,0,14955
12295339531,1791608494077,warm-up,10875,10875,10871,0,14955
12396349016,1791608494178,warm-up,10964,10964,10960,0,14955
12497158346,1791608494279,warm-up,11054,11054,11050,0,14955
12598116102,1791608494380,warm-up,11144,11144,11140,0,14955
12698514900,1791608494480,warm-up,11232,11232,11228,0,14955
12798828193,1791608494581,warm-up,11321,11321,11317,0,14955
12899971584,1791608494682,warm-up,11408,11408,11404,0,14955
13000466817,1791608494782,warm-up,11489,11489,11485,0,14955
13105920208,1791608494888,warm-up,11582,11582,11578,0,14955
13206316404,1791608494988,warm-up,11668,11668,11664,0,14955
13306894618,1791608495089,warm-up,11756,11756,11752,0,14955
13407982927,1791608495190,warm-up,11846,11846,11842,0,14955
13508544923,1791608495290,warm-up,11935,11935,11931,0,14955
13609782644,1791608495392,warm-up,12023,12023,12019,0,14955
13710023351,1791608495492,warm-up,12106,12106,12102,0,14955
13810349654,1791608495592,warm-up,12194,12194,12190,0,14955
13910492376,1791608495692,warm-up,12281,12281,12277,0,14955
14011319737,1791608495793,warm-up,12369,12369,12365,0,14955
14117972794,1791608495900,warm-up,12463,12463,12459,0,14955
14219073999,1791608496001,warm-up,12551,12551,12547,0,14955
14319453713,1791608496101,warm-up,12637,12637,12633,0,14955
14420137858,1791608496202,warm-up,12716,12716,12712,0,14955
14520717556,1791608496302,warm-up,12805,12805,12801,0,14955
14621510434,1791608496403,warm-up,12892,12892,12888,0,14955
14722081537,1791608496504,warm-up,12978,12978,12974,0,14955
14823217678,1791608496605,warm-up,13065,13065,13061,0,14955
14924150231,1791608496706,warm-up,13151,13151,13147,0,14955
15025173997,1791608496807,warm-up,13238,13238,13234,0,14955
15132150308,1791608496914,warm-up,13327,13327,13323,0,14955
15233246969,1791608497015,warm-up,13414,13414,13410,0,14955
15334071935,1791608497116,warm-up,13503,13503,13499,0,14955
15434688083,1791608497216,warm-up,13590,13590,13586,0,14955
15535391814,1791608497317,warm-up,13679,13679,13675,0,14955
15636166593,1791608497418,warm-up,13765,13765,13761,0,14955
15736254101,1791608497518,warm-up,13854,13854,13850,0,14955
15836987364,1791608497619,warm-up,13935,13935,13931,0,14955
15937950327,1791608497720,warm-up,14023,14023,14019,0,14955
16038557029,1791608497820,warm-up,14109,14109,14105,0,14955
16145857158,1791608497928,warm-up,14201,14201,14197,0,14955
16246680673,1791608498028,warm-up,14287,14287,14283,0,14955
16346945934,1791608498129,warm-up,14370,14370,14366,0,14955
16447047218,1791608498229,warm-up,14455,14455,14451,0,14955
16548176838,1791608498330,warm-up,14543,14543,14539,0,14955
16648310868,1791608498430,warm-up,14629,14629,14625,0,14955
16749396930,1791608498531,warm-up,14717,14717,14713,0,14955
16850496579,1791608498632,warm-up,14804,14804,14800,0,14955
16951409727,1791608498733,warm-up,14895,14895,14891,0,14955
17052142411,1791608498834,warm-up,14985,14985,14981,0,19081
17159045438,1791608498941,warm-up,15079,15079,15075,0,19081
17259338432,1791608499041,warm-up,15164,15164,15160,0,19081
17360161218,1791608499142,warm-up,15251,15251,15247,0,19081
17461012857,1791608499243,warm-up,15340,15340,15336,0,19081
17561541260,1791608499343,warm-up,15427,15427,15423,0,19081
17661719593,1791608499444,warm-up,15509,15509,15505,0,19081
17762653700,1791608499544,warm-up,15598,15598,15594,0,19081
17863445985,1791608499645,warm-up,15688,15688,15684,0,19081
17964363313,1791608499746,warm-up,15757,15757,15757,0,19081
18065082478,1791608499847,warm-up,15757,15757,15757,0,19081
18173461937,1791608499955,warm-up,15780,15780,15776,0,19081
18274642453,1791608500056,warm-up,15868,15868,15864,0,19081
18375350387,1791608500157,warm-up,15954,15954,15950,0,19081
18475687236,1791608500257,warm-up,16043,16043,16039,0,19081
18576651937,1791608500358,warm-up,16129,16129,16125,0,19081
18676765253,1791608500459,warm-up,16212,16212,16208,0,19081
18777240730,1791608500559,warm-up,16295,16295,16291,0,19081
18877955896,1791608500660,warm-up,16378,16378,16374,0,19081
18978613221,1791608500760,warm-up,16465,16465,16461,0,19081
19078826337,1791608500861,warm-up,16550,16550,16546,0,19081
19186966878,1791608500969,warm-up,16643,16643,16639,0,19081
19287547919,1791608501069,warm-up,16730,16730,16726,0,19081
19387991047,1791608501170,warm-up,16817,16817,16813,0,19081
19488243351,1791608501270,warm-up,16904,16904,16900,0,19081
19588721097,1791608501371,warm-up,16993,16993,16989,0,19081
19688842467,1791608501471,warm-up,17079,17079,17075,0,19081
19788937199,1791608501571,warm-up,17167,17167,17163,0,19081
19889600992,1791608501671,warm-up,17253,17253,17249,0,19081
19990439107,1791608501772,warm-up,17340,17340,17336,0,19081
20090573891,1791608501872,warm-up,17429,17429,17425,0,19081
20199071671,1791608501981,warm-up,17524,17524,17520,0,19081
20299491129,1791608502081,warm-up,17607,17607,17603,0,19081
20400310446,1791608502182,warm-up,17695,17695,17691,0,19081
20500719195,1791608502283,warm-up,17783,17783,17779,0,19081
20601303518,1791608502383,warm-up,17870,17870,17866,0,19081
20702117409,1791608502484,warm-up,17955,17955,17951,0,19081
20803175649,1791608502585,warm-up,18043,18043,18039,0,19081
20903851144,1791608502686,warm-up,18133,18133,18129,0,19081
21004170102,1791608502786,warm-up,18222,18222,18218,0,19081
21105018173,1791608502887,warm-up,18311,18311,18307,0,19081
21213839602,1791608502996,warm-up,18409,18409,18405,0,19081
21314119099,1791608503096,warm-up,18497,18497,18493,0,19081
21415051211,1791608503197,warm-up,18585,18585,18581,0,19081
21515415283,1791608503297,warm-up,18675,18675,18671,0,19081
21615672736,1791608503397,warm-up,18764,18764,18760,0,19081
21716023175,1791608503498,warm-up,18844,18844,18840,0,19081
21816378134,1791608503598,warm-up,18934,18934,18930,0,19081
21917499271,1791608503699,warm-up,19024,19024,19020,0,19081
22018047977,1791608503800,warm-up,19116,19116,19112,0,19081
22119019664,1791608503901,warm-up,19205,19205,19201,0,19081
22228995307,1791608504011,warm-up,19300,19300,19296,0,19081
22329606421,1791608504111,warm-up,19389,19389,19385,0,19081
22430759482,1791608504213,warm-up,19477,19477,19473,0,19081
22531420194,1791608504313,warm-up,19567,19567,19563,0,19081
22632528683,1791608504414,warm-up,19655,19655,19651,0,19081
22733167236,1791608504515,warm-up,19744,19744,19740,0,19081
22834073306,1791608504616,warm-up,19833,19833,19829,0,19081
22934392004,1791608504716,warm-up,19922,19922,19918,0,19081
23034921345,1791608504817,warm-up,20012,20012,20008,0,19081
23136037807,1791608504918,warm-up,20095,20095,20091,0,19081
23246572111,1791608505028,warm-up,20189,20189,20185,0,19081
23347105665,1791608505129,warm-up,20279,20279,20275,0,19081
23447463680,1791608505229,warm-up,20369,20369,20365,0,19081
23548284907,1791608505330,warm-up,20459,20459,20455,0,19081
23648927300,1791608505431,warm-up,20550,20550,20546,0,19081
23749754758,1791608505532,warm-up,20638,20638,20634,0,19081
23850735580,1791608505633,warm-up,20726,20726,20722,0,19081
23951403431,1791608505733,warm-up,20814,20814,20810,0,19081
24052105928,1791608505834,warm-up,20907,20907,20903,0,19081
24152951528,1791608505935,warm-up,20998,20998,20994,0,19081
24262584296,1791608506044,warm-up,21094,21094,21090,0,19081
24363315092,1791608506145,warm-up,21184,21184,21180,0,19081
24464329634,1791608506246,warm-up,21274,21274,21270,0,19081
24564970031,1791608506347,warm-up,21350,21350,21346,0,19081
24665658078,1791608506447,warm-up,21440,21440,21436,0,19081
24766349977,1791608506548,warm-up,21530,21530,21526,0,19081
24867388772,1791608506649,warm-up,21619,21619,21615,0,19081
24967956543,1791608506750,warm-up,21708,21708,21704,0,19081
25068359780,1791608506850,warm-up,21802,21802,21798,0,19081
25168520335,1791608506950,warm-up,21891,21891,21887,0,19081
25279926701,1791608507062,warm-up,21989,21989,21985,0,19081
25380611418,1791608507162,warm-up,22079,22079,22075,0,19081
25481459993,1791608507263,warm-up,22169,22169,22165,0,19081
25582387909,1791608507364,warm-up,22259,22259,22255,0,19081
25682753554,1791608507465,warm-up,22345,22345,22341,0,19081
25783896570,1791608507566,warm-up,22435,22435,22431,0,19081
25884550489,1791608507666,warm-up,22524,22524,22520,0,19081
25984642814,1791608507766,warm-up,22608,22608,22604,0,19081
26085154780,1791608507867,warm-up,22697,22697,22693,0,19081
26185795974,1791608507968,warm-up,22789,22789,22785,0,19081
26297156162,1791608508079,warm-up,22886,22886,22882,0,19081
26398018665,1791608508180,warm-up,22977,22977,22973,0,19081
26498344549,1791608508280,warm-up,23068,23068,23064,0,19081
26598995179,1791608508381,warm-up,23156,23156,23152,0,19081
26699134421,1791608508481,warm-up,23245,23245,23241,0,19081
26799347892,1791608508581,warm-up,23331,23331,23327,0,19081
26900190820,1791608508682,warm-up,23419,23419,23415,0,19081
27000929252,1791608508783,warm-up,23507,23507,23503,0,19081
27101740040,1791608508884,warm-up,23597,23597,23593,0,19081
27202016001,1791608508984,warm-up,23686,23686,23682,0,19081
27313482350,1791608509095,warm-up,23784,23784,23780,0,19081
27413736814,1791608509196,warm-up,23866,23866,23862,0,19081
27514464570,1791608509296,warm-up,23957,23957,23953,0,19081
27614886018,1791608509397,warm-up,24046,24046,24042,0,19081
27715453576,1791608509497,warm-up,24139,24139,24135,0,19081
27816040663,1791608509598,warm-up,24226,24226,24222,0,19081
27916491164,1791608509698,warm-up,24315,24315,24311,0,19081
28016932080,1791608509799,warm-up,24406,24406,24402,0,19081
28117138315,1791608509899,warm-up,24495,24495,24491,0,19081
28217272500,1791608509999,warm-up,24583,24583,24579,0,19081
28328831538,1791608510111,warm-up,24678,24678,24674,0,19081
28429473745,1791608510211,warm-up,24763,24763,24759,0,19081
28530189362,1791608510312,warm-up,24852,24852,24848,0,19081
28630556099,1791608510412,warm-up,24933,24933,24929,0,19081
28731418076,1791608510513,warm-up,25022,25022,25018,0,19081
28831771090,1791608510614,warm-up,25106,25106,25102,0,19081
28932324343,1791608510714,warm-up,25198,25198,25194,0,19081
29032578751,1791608510814,warm-up,25290,25290,25286,0,19081
29132848674,1791608510915,warm-up,25376,25376,25372,0,19081
29233031718,1791608511015,warm-up,25463,25463,25459,0,19081
29344376841,1791608511126,warm-up,25562,25562,25558,0,19081
29445009303,1791608511227,warm-up,25649,25649,25645,0,19081
29545299857,1791608511327,warm-up,25737,25737,25733,0,19081
29645808475,1791608511428,warm-up,25827,25827,25823,0,19081
29746643781,1791608511528,warm-up,25916,25916,25912,0,19081
29847056655,1791608511629,warm-up,26007,26007,26003,0,19081
29947458562,1791608511729,warm-up,26098,26098,26094,0,19081
30048023857,1791608511830,warm-up,26155,26155,26155,0,19081
30148871133,1791608511931,warm-up,26155,26155,26155,0,19081
30249565892,1791608512031,warm-up,26155,26155,26155,0,19081
30251970452,1791608512034,steady,26155,26155,26155,0,19081
30361641376,1791608512143,steady,26242,26242,26238,0,19081
30461879332,1791608512244,steady,26327,26327,26323,0,19081
30562986846,1791608512345,steady,26413,26413,26409,0,32411
30663344197,1791608512445,steady,26494,26494,26490,0,32411
30764068799,1791608512546,steady,26572,26572,26568,0,32411
30864424901,1791608512646,steady,26650,26650,26646,0,32411
30964995260,1791608512747,steady,26731,26731,26727,0,32411
31065718690,1791608512848,steady,26816,26816,26812,0,32411
31166792053,1791608512949,steady,26903,26903,26899,0,32411
31267560056,1791608513049,steady,26989,26989,26985,0,32411
31379854498,1791608513162,steady,27084,27084,27080,0,32411
31480313819,1791608513262,steady,27174,27174,27170,0,32411
31580849655,1791608513363,steady,27259,27259,27255,0,32411
31681798897,1791608513464,steady,27343,27343,27339,0,32411
31782936965,1791608513565,steady,27424,27424,27420,0,32411
31883298497,1791608513665,steady,27510,27510,27506,0,32411
31983962317,1791608513766,steady,27597,27597,27593,0,32411
32084114477,1791608513866,steady,27684,27684,27680,0,32411
32184554227,1791608513966,steady,27768,27768,27764,0,32411
32284762371,1791608514067,steady,27852,27852,27848,0,32411
32397300826,1791608514179,steady,27947,27947,27943,0,32411
32498401239,1791608514280,steady,28035,28035,28031,0,32411
32599252383,1791608514381,steady,28123,28123,28119,0,32411
32699797276,1791608514482,steady,28206,28206,28202,0,32411
32800383510,1791608514582,steady,28289,28289,28285,0,32411
32900632487,1791608514682,steady,28374,28374,28370,0,32411
33001042431,1791608514783,steady,28457,28457,28453,0,32411
33101363411,1791608514883,steady,28510,28510,28506,0,32411
33201976869,1791608514984,steady,28599,28599,28595,0,32411
33302388455,1791608515084,steady,28678,28678,28674,0,32411
33404012434,1791608515186,steady,28768,28768,28764,0,32411
33504402402,1791608515286,steady,28859,28859,28855,0,32411
33605548898,1791608515387,steady,28947,28947,28943,0,32411
33706575068,1791608515488,steady,29037,29037,29033,0,32411
33806700294,1791608515588,steady,29125,29125,29121,0,32411
33907618561,1791608515689,steady,29212,29212,29208,0,32411
34007830643,1791608515790,steady,29300,29300,29296,0,32411
34108660643,1791608515890,steady,29386,29386,29382,0,32411
34209710299,1791608515991,steady,29474,29474,29470,0,32411
34310781847,1791608516093,steady,29561,29561,29557,0,32411
34424477436,1791608516206,steady,29660,29660,29656,0,32411
34525103724,1791608516307,steady,29749,29749,29745,0,32411
34626200114,1791608516408,steady,29838,29838,29834,0,32411
34726356319,1791608516508,steady,29917,29917,29913,0,32411
34827499796,1791608516609,steady,30006,30006,30002,0,32411
34928451135,1791608516710,steady,30083,30083,30079,0,32411
35029250829,1791608516811,steady,30167,30167,30163,0,32411
35129559081,1791608516911,steady,30255,30255,30251,0,32411
35230297209,1791608517012,steady,30338,30338,30334,0,32411
35331258313,1791608517113,steady,30425,30425,30421,0,32411
35445997669,1791608517228,steady,30524,30524,30520,0,32411
35547046786,1791608517329,steady,30611,30611,30607,0,32411
35647432713,1791608517429,steady,30694,30694,30690,0,32411
35747606343,1791608517529,steady,30781,30781,30777,0,32411
35848128509,1791608517630,steady,30866,30866,30862,0,32411
35948862775,1791608517731,steady,30949,30949,30945,0,32411
36049945527,1791608517832,steady,31036,31036,31032,0,32411
36154019557,1791608517936,steady,31120,31120,31116,0,32411
36254235950,1791608518036,steady,31204,31204,31200,0,32411
36354941187,1791608518137,steady,31289,31289,31285,0,32411
36456341000,1791608518238,steady,31379,31379,31375,0,32411
36556925675,1791608518339,steady,31463,31463,31459,0,32411
36657679483,1791608518439,steady,31550,31550,31546,0,32411
36758821259,1791608518541,steady,31638,31638,31634,0,32411
36858924266,1791608518641,steady,31723,31723,31719,0,32411
36959812287,1791608518742,steady,31808,31808,31804,0,32411
37059950667,1791608518842,steady,31890,31890,31886,0,32411
37160767057,1791608518943,steady,31973,31973,31969,0,32411
37261766205,1791608519044,steady,32046,32046,32042,0,32411
37362094651,1791608519144,steady,32126,32126,32122,0,32411
37478752862,1791608519261,steady,32215,32215,32211,0,32411
37578915824,1791608519361,steady,32291,32291,32287,0,32411
37679217168,1791608519461,steady,32364,32364,32360,0,32411
37780164237,1791608519562,steady,32442,32442,32438,0,32411
37880410066,1791608519662,steady,32519,32519,32515,0,32411
37980563704,1791608519762,steady,32598,32598,32594,0,32411
38080951947,1791608519863,steady,32672,32672,32668,0,32411
38181380421,1791608519963,steady,32746,32746,32742,0,32411
38282391320,1791608520064,steady,32825,32825,32821,0,32411
38382727348,1791608520165,steady,32898,32898,32894,0,32411
38497486193,1791608520279,steady,32988,32988,32984,0,32411
38598542149,1791608520380,steady,33066,33066,33062,0,32411
38699219861,1791608520481,steady,33143,33143,33139,0,32411
38800311514,1791608520582,steady,33228,33228,33224,0,32411
38900457754,1791608520682,steady,33309,33309,33305,0,32411
39001278857,1791608520783,steady,33395,33395,33391,0,32411
39102594474,1791608520884,steady,33479,33479,33475,0,32411
39203165892,1791608520985,steady,33561,33561,33557,0,32411
39304207588,1791608521086,steady,33640,33640,33636,0,32411
39404740459,1791608521187,steady,33728,33728,33724,0,32411
39520363094,1791608521302,steady,33830,33830,33826,0,32411
39620899712,1791608521403,steady,33916,33916,33912,0,32411
39721344167,1791608521503,steady,34004,34004,34000,0,32411
39822219718,1791608521604,steady,34092,34092,34088,0,32411
39922677030,1791608521704,steady,34178,34178,34174,0,32411
40023399918,1791608521805,steady,34269,34269,34265,0,32411
40123823050,1791608521906,steady,34359,34359,34355,0,32411
40223979792,1791608522006,steady,34445,34445,34441,0,32411
40324767751,1791608522107,steady,34533,34533,34529,0,32411
40424978910,1791608522207,steady,34616,34616,34612,0,32411
40541466402,1791608522323,steady,34716,34716,34712,0,32411
40641901077,1791608522424,steady,34797,34797,34794,0,32411
40742921898,1791608522525,steady,34880,34880,34876,0,32411
40843723524,1791608522626,steady,34964,34964,34960,0,32411
40944511257,1791608522726,steady,35052,35052,35048,0,32411
41045382220,1791608522827,steady,35139,35139,35135,0,32411
41146174087,1791608522928,steady,35225,35225,35221,0,32411
41246301814,1791608523028,steady,35310,35310,35306,0,32411
41347428864,1791608523129,steady,35395,35395,35391,0,32411
41448244590,1791608523230,steady,35479,35479,35475,0,32411
41564761159,1791608523347,steady,35576,35576,35572,0,32411
41665825601,1791608523448,steady,35659,35659,35655,0,32411
41766512453,1791608523548,steady,35747,35747,35743,0,32411
41867154054,1791608523649,steady,35831,35831,35827,0,32411
41968119764,1791608523750,steady,35914,35914,35910,0,32411
42069246906,1791608523851,steady,36002,36002,35998,0,32411
42170290783,1791608523952,steady,36080,36080,36076,0,32411
42270604336,1791608524052,steady,36162,36162,36158,0,32411
42370817599,1791608524153,steady,36248,36248,36244,0,32411
42471702062,1791608524253,steady,36334,36334,36330,0,32411
42588210964,1791608524370,steady,36432,36432,36428,0,32411
42688548615,1791608524470,steady,36514,36514,36510,0,32411
42788938572,1791608524571,steady,36599,36599,36595,0,32411
42889989060,1791608524672,steady,36685,36685,36681,0,32411
42990405832,1791608524772,steady,36771,36771,36767,0,32411
43090933506,1791608524873,steady,36854,36854,36850,0,32411
43191793666,1791608524974,steady,36938,36938,36934,0,32411
43292326852,1791608525074,steady,37022,37022,37018,0,32411
43392800835,1791608525175,steady,37107,37107,37103,0,32411
43493570643,1791608525275,steady,37195,37195,37191,0,32411
43610313853,1791608525392,steady,37283,37283,37279,0,32411
43710411406,1791608525492,steady,37367,37367,37363,0,32411
43811414931,1791608525593,steady,37454,37454,37450,0,32411
43912336995,1791608525694,steady,37543,37543,37539,0,32411
44013039847,1791608525795,steady,37630,37630,37626,0,32411
44113671483,1791608525895,steady,37716,37716,37712,0,32411
44214189961,1791608525996,steady,37800,37800,37796,0,32411
44315340874,1791608526097,steady,37888,37888,37884,0,32411
44415791660,1791608526198,steady,37974,37974,37970,0,32411
44516076087,1791608526298,steady,38060,38060,38056,0,32411
44632406656,1791608526414,steady,38157,38157,38153,0,32411
44733063607,1791608526515,steady,38244,38244,38240,0,32411
44833639333,1791608526615,steady,38331,38331,38327,0,32411
44934502609,1791608526716,steady,38418,38418,38414,0,32411
45035614056,1791608526817,steady,38498,38498,38494,0,32411
45135774912,1791608526918,steady,38587,38587,38583,0,32411
45236561934,1791608527018,steady,38672,38672,38668,0,32411
45337125019,1791608527119,steady,38762,38762,38758,0,32411
45437678443,1791608527219,steady,38848,38848,38844,0,32411
45538611403,1791608527320,steady,38934,38934,38930,0,32411
45656166808,1791608527438,steady,39034,39034,39030,0,32411
45757042053,1791608527539,steady,39121,39121,39117,0,32411
45857668198,1791608527639,steady,39208,39208,39204,0,32411
45958615956,1791608527740,steady,39291,39291,39287,0,32411
46059684842,1791608527841,steady,39378,39378,39374,0,32411
46160397530,1791608527942,steady,39461,39461,39457,0,32411
46260923724,1791608528043,steady,39546,39546,39542,0,32411
46361470733,1791608528143,steady,39631,39631,39627,0,32411
46462539190,1791608528244,steady,39715,39715,39711,0,32411
46563073264,1791608528345,steady,39804,39804,39800,0,32411
46682026078,1791608528464,steady,39903,39903,39899,0,32411
46783032458,1791608528565,steady,39988,39988,39985,0,32411
46883389865,1791608528665,steady,40073,40073,40069,0,32411
46984101220,1791608528766,steady,40157,40157,40153,0,32411
47085073717,1791608528867,steady,40240,40240,40236,0,32411
47185383169,1791608528967,steady,40330,40330,40326,0,32411
47286376057,1791608529068,steady,40415,40415,40411,0,32411
47386539630,1791608529168,steady,40502,40502,40498,0,32411
47487675998,1791608529269,steady,40589,40589,40585,0,32411
47588299686,1791608529370,steady,40675,40675,40671,0,32411
47706607048,1791608529488,steady,40774,40774,40770,0,32411
47807658593,1791608529589,steady,40861,40861,40857,0,32411
47908306136,1791608529690,steady,40944,40944,40940,0,32411
48008687175,1791608529790,steady,41032,41032,41028,0,32411
48109417505,1791608529891,steady,41117,41117,41113,0,32411
48209648792,1791608529991,steady,41200,41200,41196,0,32411
48310487152,1791608530092,steady,41284,41284,41280,0,32411
48411443026,1791608530193,steady,41369,41369,41365,0,32411
48511871112,1791608530294,steady,41447,41447,41443,0,32411
48612636650,1791608530394,steady,41531,41531,41527,0,32411
48731476846,1791608530513,steady,41633,41633,41629,0,32411
48832195024,1791608530614,steady,41720,41720,41716,0,32411
48933439959,1791608530715,steady,41810,41810,41806,0,32411
49033957410,1791608530816,steady,41897,41897,41893,0,32411
49134152624,1791608530916,steady,41986,41986,41982,0,32411
49234860837,1791608531017,steady,42069,42069,42065,0,32411
49335688201,1791608531117,steady,42154,42154,42150,0,32411
49436230470,1791608531218,steady,42231,42231,42227,0,32411
49537182322,1791608531319,steady,42318,42318,42314,0,32411
49637889484,1791608531420,steady,42401,42401,42397,0,32411
49738970411,1791608531521,steady,42487,42487,42483,0,32411
49839417333,1791608531621,steady,42573,42573,42569,0,32411
49940053224,1791608531722,steady,42659,42659,42655,0,32411
50040256328,1791608531822,steady,42747,42747,42743,0,32411
50141353909,1791608531923,steady,42836,42836,42832,0,32411
50242180785,1791608532024,steady,42922,42922,42918,0,32411
50342503091,1791608532124,steady,43010,43010,43006,0,32411
50443013030,1791608532225,steady,43100,43100,43096,0,32411
50543619085,1791608532325,steady,43188,43188,43184,0,32411
50643894571,1791608532426,steady,43271,43271,43267,0,32411
50762477722,1791608532544,steady,43368,43368,43364,0,32411
50863464000,1791608532645,steady,43454,43454,43450,0,32411
50964513180,1791608532746,steady,43542,43542,43538,0,32411
51065338306,1791608532847,steady,43630,43630,43626,0,32411
51165976199,1791608532948,steady,43719,43719,43715,0,32411
51267050069,1791608533049,steady,43806,43806,43802,0,32411
51367401448,1791608533149,steady,43893,43893,43889,0,32411
51468395270,1791608533250,steady,43977,43977,43973,0,32411
51569463227,1791608533351,steady,44060,44060,44056,0,32411
51670166005,1791608533452,steady,44139,44139,44135,0,32411
51791165840,1791608533573,steady,44239,44239,44235,0,32411
51891941488,1791608533674,steady,44318,44318,44314,0,32411
51992872881,1791608533775,steady,44401,44401,44397,0,32411
52093190399,1791608533875,steady,44488,44488,44484,0,32411
52193728079,1791608533976,steady,44571,44571,44567,0,32411
52294178497,1791608534076,steady,44650,44650,44646,0,32411
52395010980,1791608534177,steady,44734,44734,44730,0,32411
52495611886,1791608534277,steady,44820,44820,44816,0,32411
52596431201,1791608534378,steady,44907,44907,44903,0,32411
52697458139,1791608534479,steady,44994,44994,44990,0,32411
52818355051,1791608534600,steady,45100,45100,45096,0,32411
52918938161,1791608534701,steady,45186,45186,45182,0,32411
53019690343,1791608534801,steady,45274,45274,45270,0,32411
53120128779,1791608534902,steady,45360,45360,45356,0,32411
53221186107,1791608535003,steady,45444,45444,45440,0,32411
53322191881,1791608535104,steady,45529,45529,45525,0,32411
53422782860,1791608535205,steady,45615,45615,45611,0,32411
53523215131,1791608535305,steady,45699,45699,45695,0,32411
53623549273,1791608535405,steady,45782,45782,45778,0,32411
53723683910,1791608535505,steady,45862,45862,45858,0,32411
53844437278,1791608535626,steady,45966,45966,45962,0,32411
53945493857,1791608535727,steady,46051,46051,46047,0,32411
54046172315,1791608535828,steady,46133,46133,46129,0,32411
54146410218,1791608535928,steady,46221,46221,46217,0,32411
54247071905,1791608536029,steady,46302,46302,46298,0,32411
54348282354,1791608536130,steady,46390,46390,46386,0,32411
54448551093,1791608536230,steady,46474,46474,46470,0,32411
54548746458,1791608536331,steady,46560,46560,46556,0,32411
54649631569,1791608536431,steady,46646,46646,46642,0,32411
54750141459,1791608536532,steady,46732,46732,46728,0,32411
54871533169,1791608536653,steady,46835,46835,46831,0,32411
54971910427,1791608536754,steady,46922,46922,46918,0,32411
55072066004,1791608536854,steady,47007,47007,47003,0,32411
55172300752,1791608536954,steady,47087,47087,47083,0,32411
55272446371,1791608537054,steady,47171,47171,47167,0,32411
55373189332,1791608537155,steady,47257,47257,47253,0,32411
55473731798,1791608537256,steady,47347,47347,47343,0,32411
55574073282,1791608537356,steady,47435,47435,47431,0,32411
55674277594,1791608537456,steady,47518,47518,47514,0,32411
55774937298,1791608537557,steady,47605,47605,47601,0,32411
55875957246,1791608537658,steady,47690,47690,47686,0,32411
55976670027,1791608537758,steady,47775,47775,47771,0,32411
56076820911,1791608537859,steady,47861,47861,47857,0,32411
56177116633,1791608537959,steady,47948,47948,47944,0,32411
56278115011,1791608538060,steady,48028,48028,48024,0,32411
56378320447,1791608538160,steady,48111,48111,48107,0,32411
56478510915,1791608538260,steady,48200,48200,48196,0,32411
56579033488,1791608538361,steady,48285,48285,48281,0,32411
56680235882,1791608538462,steady,48367,48367,48363,0,32411
56781104128,1791608538563,steady,48450,48450,48446,0,32411
56881840130,1791608538664,steady,48536,48536,48532,0,32411
56982350108,1791608538764,steady,48621,48621,48617,0,32411
57083167922,1791608538865,steady,48706,48706,48702,0,32411
57183669679,1791608538965,steady,48790,48790,48786,0,32411
57284813477,1791608539067,steady,48877,48877,48873,0,32411
57385403122,1791608539167,steady,48965,48965,48961,0,32411
57485749828,1791608539268,steady,49054,49054,49050,0,32411
57586260444,1791608539368,steady,49137,49137,49133,0,32411
57687410486,1791608539469,steady,49224,49224,49220,0,32411
57787637368,1791608539569,steady,49311,49311,49307,0,32411
57909876417,1791608539692,steady,49414,49414,49410,0,32411
58010873355,1791608539793,steady,49494,49494,49490,0,32411
58110984759,1791608539893,steady,49584,49584,49580,0,32411
58211101346,1791608539993,steady,49672,49672,49668,0,32411
58311378717,1791608540093,steady,49758,49758,49754,0,32411
58411915140,1791608540194,steady,49843,49843,49839,0,32411
58512582843,1791608540294,steady,49930,49930,49926,0,32411
58613366025,1791608540395,steady,50012,50012,50008,0,32411
58714084777,1791608540496,steady,50095,50095,50091,0,32411
58814823918,1791608540597,steady,50180,50180,50176,0,32411
58936202522,1791608540718,steady,50280,50280,50276,0,32411
59037167764,1791608540819,steady,50365,50365,50361,0,32411
59137981225,1791608540920,steady,50450,50450,50446,0,32411
59238419237,1791608541020,steady,50535,50535,50531,0,32411
59338492965,1791608541120,steady,50618,50618,50614,0,32411
59438779351,1791608541221,steady,50705,50705,50701,0,32411
59539844107,1791608541322,steady,50784,50784,50780,0,32411
59641091219,1791608541423,steady,50867,50867,50863,0,32411
59742112601,1791608541524,steady,50952,50952,50948,0,32411
59842477019,1791608541624,steady,51039,51039,51035,0,32411
59966758629,1791608541749,steady,51146,51146,51142,0,32411
60067174002,1791608541849,steady,51224,51224,51220,0,32411
60168374439,1791608541950,steady,51311,51311,51307,0,32411
60269066037,1791608542051,steady,51394,51394,51390,0,32411
60369278560,1791608542151,steady,51480,51480,51476,0,32411
60469890059,1791608542252,steady,51568,51568,51564,0,32411
60570667837,1791608542352,steady,51654,51654,51650,0,32411
60670803371,1791608542453,steady,51740,51740,51736,0,32411
60771885148,1791608542554,steady,51828,51828,51824,0,32411
60872510158,1791608542654,steady,51914,51914,51910,0,32411
60995888221,1791608542778,steady,52009,52009,52005,0,32411
61096670055,1791608542878,steady,52096,52096,52092,0,32411
61197652589,1791608542979,steady,52185,52185,52181,0,32411
61298582328,1791608543080,steady,52271,52271,52267,0,32411
61399544261,1791608543181,steady,52357,52357,52353,0,32411
61499729429,1791608543282,steady,52438,52438,52434,0,32411
61600240129,1791608543382,steady,52492,52492,52488,0,32411
61701355802,1791608543483,steady,52579,52579,52575,0,32411
61801984645,1791608543584,steady,52668,52668,52664,0,32411
61902767393,1791608543685,steady,52754,52754,52750,0,32411
62027085131,1791608543809,steady,52854,52854,52850,0,32411
62127859559,1791608543910,steady,52926,52926,52922,0,32411
62228092975,1791608544010,steady,53008,53008,53004,0,32411
62329232254,1791608544111,steady,53061,53061,53057,0,32411
62429542161,1791608544211,steady,53125,53125,53121,0,32411
62530354331,1791608544312,steady,53202,53202,53198,0,32411
62631587116,1791608544413,steady,53287,53287,53283,0,32411
62732399167,1791608544514,steady,53372,53372,53368,0,32411
62833314593,1791608544615,steady,53458,53458,53454,0,32411
62933572257,1791608544715,steady,53542,53542,53538,0,32411
63056876637,1791608544839,steady,53642,53642,53638,0,32411
63157557495,1791608544939,steady,53718,53718,53714,0,32411
63258018567,1791608545040,steady,53797,53797,53793,0,32411
63358549637,1791608545140,steady,53879,53879,53875,0,32411
63459601457,1791608545241,steady,53964,53964,53960,0,32411
63560293506,1791608545342,steady,54050,54050,54046,0,32411
63660531010,1791608545442,steady,54134,54134,54130,0,32411
63761038943,1791608545543,steady,54213,54213,54209,0,32411
63861247448,1791608545643,steady,54280,54280,54276,0,32411
63962090733,1791608545744,steady,54363,54363,54359,0,32411
64087536071,1791608545869,steady,54469,54469,54465,0,32411
64188111755,1791608545970,steady,54555,54555,54551,0,32411
64288858829,1791608546071,steady,54638,54638,54634,0,32411
64389869052,1791608546172,steady,54727,54727,54723,0,32411
64490424370,1791608546272,steady,54814,54814,54810,0,32411
64591008356,1791608546373,steady,54903,54903,54899,0,32411
64692103592,1791608546474,steady,54992,54992,54988,0,32411
64792279027,1791608546574,steady,55082,55082,55078,0,32411
64893349070,1791608546675,steady,55173,55173,55169,0,32411
64993630419,1791608546775,steady,55261,55261,55257,0,32411
65118766955,1791608546901,steady,55366,55366,55362,0,32411
65219578232,1791608547001,steady,55451,55451,55447,0,32411
65320192497,1791608547102,steady,55536,55536,55532,0,32411
65420529181,1791608547202,steady,55616,55616,55612,0,32411
65521121105,1791608547303,steady,55703,55703,55699,0,32411
65621380141,1791608547403,steady,55789,55789,55785,0,32411
65721559544,1791608547503,steady,55876,55876,55872,0,32411
65821716139,1791608547603,steady,55964,55964,55960,0,32411
65922859854,1791608547705,steady,56051,56051,56047,0,32411
66023857648,1791608547806,steady,56139,56139,56135,0,32411
66150530955,1791608547932,steady,56251,56251,56247,0,32411
66251185216,1791608548033,steady,56340,56340,56336,0,32411
66351561089,1791608548133,steady,56426,56426,56422,0,32411
66452504606,1791608548234,steady,56515,56515,56511,0,32411
66553039212,1791608548335,steady,56607,56607,56603,0,32411
66653926115,1791608548436,steady,56694,56694,56690,0,32411
66754836229,1791608548537,steady,56783,56783,56779,0,32411
66855958922,1791608548638,steady,56863,56863,56859,0,32411
66956634266,1791608548738,steady,56947,56947,56943,0,32411
67056979555,1791608548839,steady,57035,57035,57031,0,32411
67182023373,1791608548964,steady,57139,57139,57135,0,32411
67283151841,1791608549065,steady,57228,57228,57224,0,32411
67383564235,1791608549165,steady,57314,57314,57310,0,32411
67484247657,1791608549266,steady,57401,57401,57397,0,32411
67584674033,1791608549366,steady,57489,57489,57485,0,32411
67685064310,1791608549467,steady,57578,57578,57574,0,32411
67786195158,1791608549568,steady,57669,57669,57665,0,32411
67886428450,1791608549668,steady,57757,57757,57753,0,32411
67986953955,1791608549769,steady,57847,57847,57843,0,32411
68087663124,1791608549869,steady,57932,57932,57928,0,32411
68213279005,1791608549995,steady,58039,58039,58035,0,32411
68313390745,1791608550095,steady,58118,58118,58114,0,32411
68414088160,1791608550196,steady,58202,58202,58198,0,32411
68514336625,1791608550296,steady,58290,58290,58286,0,32411
68614947769,1791608550397,steady,58380,58380,58376,0,32411
68715967907,1791608550498,steady,58467,58467,58463,0,32411
68816843249,1791608550599,steady,58556,58556,58552,0,32411
68917394251,1791608550699,steady,58645,58645,58641,0,32411
69018261422,1791608550800,steady,58734,58734,58730,0,32411
69118774140,1791608550901,steady,58821,58821,58817,0,32411
69243575323,1791608551025,steady,58927,58927,58923,0,32411
69344655420,1791608551126,steady,59016,59016,59012,0,32411
69444951489,1791608551227,steady,59100,59100,59096,0,32411
69545520173,1791608551327,steady,59186,59186,59182,0,32411
69646347792,1791608551428,steady,59261,59261,59257,0,32411
69746541168,1791608551528,steady,59350,59350,59346,0,32411
69847678798,1791608551629,steady,59437,59437,59433,0,32411
69948580201,1791608551730,steady,59524,59524,59520,0,32411
70049713323,1791608551831,steady,59612,59612,59608,0,32411
70150698569,1791608551932,steady,59700,59700,59696,0,32411
70278007797,1791608552060,steady,59813,59813,59809,0,32411
70378637404,1791608552160,steady,59903,59903,59899,0,32411
70478829848,1791608552261,steady,59994,59994,59990,0,32411
70579029511,1791608552361,steady,60083,60083,60079,0,32411
70680171587,1791608552462,steady,60172,60172,60168,0,32411
70781131838,1791608552563,steady,60260,60260,60256,0,32411
70881534236,1791608552663,steady,60347,60347,60343,0,32411
70982223401,1791608552764,steady,60435,60435,60431,0,32411
71083376626,1791608552865,steady,60519,60519,60515,0,32411
71183554784,1791608552965,steady,60604,60604,60600,0,32411
71310513099,1791608553092,steady,60714,60714,60710,0,32411
71411207879,1791608553193,steady,60802,60802,60798,0,32411
71512253488,1791608553294,steady,60893,60893,60889,0,32411
71613126171,1791608553395,steady,60979,60979,60975,0,32411
71713306166,1791608553495,steady,61064,61064,61060,0,32411
71814380676,1791608553596,steady,61153,61153,61149,0,32411
71914675138,1791608553696,steady,61242,61242,61238,0,32411
72015105269,1791608553797,steady,61329,61329,61325,0,32411
72115900553,1791608553898,steady,61418,61418,61414,0,32411
72216984133,1791608553999,steady,61504,61504,61500,0,32411
72345716416,1791608554127,steady,61606,61606,61602,0,32411
72445932547,1791608554228,steady,61689,61689,61685,0,32411
72546825781,1791608554329,steady,61760,61760,61756,0,32411
72647174788,1791608554429,steady,61838,61838,61834,0,32411
72747518393,1791608554529,steady,61927,61927,61923,0,32411
72848477594,1791608554630,steady,62018,62018,62014,0,32411
72949586680,1791608554731,steady,62106,62106,62102,0,32411
73050300479,1791608554832,steady,62196,62196,62192,0,32411
73151242435,1791608554933,steady,62285,62285,62281,0,32411
73251994606,1791608555034,steady,62373,62373,62369,0,32411
73353084773,1791608555135,steady,62464,62464,62460,0,32411
73453617265,1791608555235,steady,62555,62555,62551,0,32411
73554583614,1791608555336,steady,62646,62646,62642,0,32411
73655113197,1791608555437,steady,62734,62734,62730,0,32411
73755240018,1791608555537,steady,62823,62823,62819,0,32411
73855774666,1791608555638,steady,62910,62910,62906,0,32411
73956298074,1791608555738,steady,62991,62991,62987,0,32411
74057199801,1791608555839,steady,63081,63081,63077,0,32411
74157400959,1791608555939,steady,63169,63169,63165,0,32411
74258460043,1791608556040,steady,63256,63256,63253,0,32411
74359434125,1791608556141,steady,63344,63344,63340,0,32411
74460286141,1791608556242,steady,63430,63430,63426,0,32411
74561436565,1791608556343,steady,63517,63517,63513,0,32411
74661667706,1791608556443,steady,63603,63603,63599,0,32411
74762782426,1791608556545,steady,63688,63688,63684,0,32411
74862900738,1791608556645,steady,63775,63775,63771,0,32411
74964062966,1791608556746,steady,63861,63861,63857,0,32411
75064990986,1791608556847,steady,63949,63949,63945,0,32411
75166026762,1791608556948,steady,64036,64036,64032,0,32411
75266479238,1791608557048,steady,64121,64121,64117,0,32411
75367443820,1791608557149,steady,64200,64200,64196,0,32411
75467885717,1791608557250,steady,64288,64288,64284,0,32411
75568114621,1791608557350,steady,64377,64377,64373,0,32411
75668762232,1791608557451,steady,64464,64464,64460,0,32411
75769006877,1791608557551,steady,64554,64554,64550,0,32411
75869451712,1791608557651,steady,64642,64642,64638,0,32411
75969821673,1791608557752,steady,64730,64730,64726,0,32411
76070038124,1791608557852,steady,64818,64818,64814,0,32411
76170440996,1791608557952,steady,64906,64906,64902,0,32411
76271434498,1791608558053,steady,64996,64996,64993,0,32411
76372945815,1791608558155,steady,65085,65085,65081,0,32411
76473610728,1791608558255,steady,65177,65177,65173,0,32411
76573925735,1791608558356,steady,65266,65266,65262,0,32411
76674218880,1791608558456,steady,65352,65352,65348,0,32411
76775089106,1791608558557,steady,65433,65433,65429,0,32411
76875451693,1791608558657,steady,65523,65523,65519,0,32411
76976225360,1791608558758,steady,65612,65612,65608,0,32411
77077314091,1791608558859,steady,65701,65701,65697,0,32411
77177569354,1791608558959,steady,65788,65788,65784,0,32411
77278596478,1791608559060,steady,65872,65872,65868,0,32411
77379035566,1791608559161,steady,65957,65957,65953,0,32411
77479396621,1791608559261,steady,66041,66041,66037,0,32411
77579883269,1791608559362,steady,66122,66122,66118,0,32411
77680146182,1791608559462,steady,66205,66205,66201,0,32411
77780679292,1791608559562,steady,66289,66289,66285,0,32411
77881782819,1791608559664,steady,66372,66372,66368,0,32411
77982736164,1791608559765,steady,66456,66456,66452,0,32411
78083754902,1791608559866,steady,66542,66542,66538,0,32411
78184291361,1791608559966,steady,66621,66621,66617,0,32411
78285461380,1791608560067,steady,66705,66705,66701,0,32411
78386112712,1791608560168,steady,66790,66790,66786,0,32411
78487029739,1791608560269,steady,66879,66879,66875,0,32411
78587235815,1791608560369,steady,66962,66962,66958,0,32411
78687374536,1791608560469,steady,67044,67044,67040,0,32411
78788164601,1791608560570,steady,67130,67130,67126,0,32411
78888817597,1791608560671,steady,67218,67218,67214,0,32411
78989460460,1791608560771,steady,67305,67305,67301,0,32411
79090270870,1791608560872,steady,67391,67391,67387,0,32411
79191029275,1791608560973,steady,67478,67478,67474,0,32411
79292052773,1791608561074,steady,67567,67567,67563,0,32411
79393338346,1791608561175,steady,67655,67655,67651,0,32411
79494426589,1791608561276,steady,67749,67749,67745,0,32411
79595421143,1791608561377,steady,67839,67839,67835,0,32411
79695858354,1791608561478,steady,67918,67918,67914,0,32411
79796040723,1791608561578,steady,68008,68008,68004,0,32411
79896194277,1791608561678,steady,68096,68096,68092,0,32411
79997348429,1791608561779,steady,68186,68186,68182,0,32411
80098369253,1791608561880,steady,68275,68275,68271,0,32411
80199470799,1791608561981,steady,68363,68363,68359,0,32411
80299639933,1791608562081,steady,68451,68451,68447,0,32411
80401364656,1791608562183,steady,68541,68541,68537,0,32411
80501755911,1791608562284,steady,68633,68633,68629,0,32411
80602571483,1791608562384,steady,68724,68724,68720,0,32411
80703494154,1791608562485,steady,68811,68811,68807,0,32411
80804441906,1791608562586,steady,68899,68899,68895,0,32411
80905105201,1791608562687,steady,68988,68988,68984,0,32411
81005398842,1791608562787,steady,69075,69075,69071,0,32411
81106103967,1791608562888,steady,69158,69158,69154,0,32411
81206902759,1791608562989,steady,69247,69247,69243,0,32411
81307682990,1791608563089,steady,69337,69337,69333,0,32411
81409018452,1791608563191,steady,69428,69428,69424,0,32411
81509422874,1791608563291,steady,69520,69520,69516,0,32411
81609993703,1791608563392,steady,69609,69609,69605,0,32411
81710905750,1791608563493,steady,69700,69700,69696,0,32411
81811237692,1791608563593,steady,69791,69791,69787,0,32411
81911542289,1791608563693,steady,69881,69881,69877,0,32411
82012272511,1791608563794,steady,69972,69972,69968,0,32411
82112460181,1791608563894,steady,70062,70062,70058,0,32411
82213310257,1791608563995,steady,70153,70153,70149,0,32411
82313668918,1791608564095,steady,70242,70242,70238,0,32411
82414673050,1791608564196,steady,70326,70326,70322,0,32411
82515463612,1791608564297,steady,70416,70416,70412,0,32411
82616115661,1791608564398,steady,70506,70506,70502,0,32411
82716696914,1791608564498,steady,70594,70594,70590,0,32411
82817714009,1791608564599,steady,70684,70684,70680,0,32411
82918532047,1791608564700,steady,70772,70772,70768,0,32411
83019167197,1791608564801,steady,70864,70864,70860,0,32411
83120274590,1791608564902,steady,70955,70955,70951,0,32411
83221064477,1791608565003,steady,71047,71047,71043,0,32411
83321817730,1791608565104,steady,71139,71139,71135,0,32411
83423114619,1791608565205,steady,71232,71232,71228,0,32411
83523695874,1791608565305,steady,71325,71325,71321,0,32411
83623968976,1791608565406,steady,71416,71416,71412,0,32411
83728735543,1791608565511,steady,71504,71504,71500,0,32411
83829739070,1791608565612,steady,71595,71595,71591,0,32411
83930619257,1791608565712,steady,71689,71689,71685,0,32411
84030986938,1791608565813,steady,71779,71779,71775,0,32411
84131615011,1791608565913,steady,71873,71873,71869,0,32411
84231741430,1791608566014,steady,71963,71963,71959,0,32411
84332451451,1791608566114,steady,72056,72056,72052,0,32411
84433903395,1791608566216,steady,72148,72148,72144,0,32411
84534290085,1791608566316,steady,72242,72242,72238,0,32411
84634931294,1791608566417,steady,72334,72334,72330,0,32411
84735229128,1791608566517,steady,72425,72425,72421,0,32411
84835627208,1791608566617,steady,72518,72518,72514,0,32411
84936408492,1791608566718,steady,72610,72610,72606,0,32411
85036848393,1791608566819,steady,72701,72701,72697,0,32411
85137665660,1791608566919,steady,72786,72786,72782,0,32411
85238736267,1791608567021,steady,72876,72876,72872,0,32411
85338931837,1791608567121,steady,72968,72968,72964,0,32411
85440055552,1791608567222,steady,73057,73057,73053,0,32411
85540442236,1791608567322,steady,73147,73147,73143,0,32411
85640572382,1791608567422,steady,73236,73236,73232,0,32411
85741217693,1791608567523,steady,73326,73326,73322,0,32411
85841488789,1791608567623,steady,73419,73419,73415,0,32411
85941869021,1791608567724,steady,73509,73509,73505,0,32411
86042937298,1791608567825,steady,73598,73598,73594,0,32411
86143066914,1791608567925,steady,73688,73688,73684,0,32411
86243373570,1791608568025,steady,73775,73775,73771,0,32411
86343715242,1791608568125,steady,73861,73861,73857,0,32411
86444470616,1791608568226,steady,73951,73951,73947,0,32411
86544660760,1791608568326,steady,74035,74035,74031,0,32411
86644952838,1791608568427,steady,74121,74121,74117,0,32411
86745124800,1791608568527,steady,74208,74208,74204,0,32411
86845479388,1791608568627,steady,74296,74296,74292,0,32411
86946472859,1791608568728,steady,74385,74385,74381,0,32411
87047614091,1791608568829,steady,74473,74473,74469,0,32411
87148160607,1791608568930,steady,74561,74561,74557,0,32411
87248980344,1791608569031,steady,74649,74649,74645,0,32411
87349701804,1791608569131,steady,74738,74738,74734,0,32411
87450318945,1791608569232,steady,74826,74826,74822,0,32411
87550802080,1791608569333,steady,74915,74915,74911,0,32411
87650977172,1791608569433,steady,75002,75002,74998,0,32411
87751155717,1791608569533,steady,75091,75091,75087,0,32411
87851827579,1791608569634,steady,75180,75180,75176,0,32411
87952788419,1791608569735,steady,75264,75264,75260,0,32411
88053725543,1791608569836,steady,75353,75353,75349,0,32411
88154605249,1791608569936,steady,75444,75444,75440,0,32411
88254868337,1791608570037,steady,75531,75531,75527,0,32411
88355325366,1791608570137,steady,75619,75619,75615,0,32411
88456702165,1791608570238,steady,75709,75709,75705,0,32411
88557060521,1791608570339,steady,75796,75796,75792,0,32411
88657616422,1791608570439,steady,75882,75882,75878,0,32411
88758192618,1791608570540,steady,75970,75970,75966,0,32411
88858900312,1791608570641,steady,76062,76062,76058,0,32411
88959043076,1791608570741,steady,76149,76149,76145,0,32411
89059904166,1791608570842,steady,76237,76237,76233,0,32411
89160867874,1791608570943,steady,76327,76327,76323,0,32411
89260981833,1791608571043,steady,76406,76406,76402,0,32411
89361138912,1791608571143,steady,76492,76492,76488,0,32411
89461856471,1791608571244,steady,76582,76582,76578,0,32411
89562871361,1791608571345,steady,76669,76669,76665,0,32411
89663864032,1791608571446,steady,76756,76756,76752,0,32411
89764335970,1791608571546,steady,76843,76843,76839,0,32411
89864777894,1791608571647,steady,76929,76929,76925,0,32411
89965531097,1791608571747,steady,77017,77017,77013,0,32411
90066098243,1791608571848,steady,77104,77104,77100,0,32411
90166747758,1791608571949,steady,77193,77193,77189,0,32411
90267107666,1791608572049,steady,77284,77284,77280,0,32411
90367355253,1791608572149,steady,77373,77373,77369,0,32411
90468041361,1791608572250,steady,77463,77463,77459,0,32411
90569161644,1791608572351,steady,77552,77552,77548,0,32411
90669729563,1791608572452,steady,77640,77640,77636,0,32411
90769977807,1791608572552,steady,77716,77716,77712,0,32411
90870209758,1791608572652,steady,77806,77806,77802,0,32411
90970362383,1791608572752,steady,77897,77897,77893,0,32411
91070656022,1791608572852,steady,77988,77988,77984,0,32411
91171747715,1791608572954,steady,78079,78079,78075,0,32411
91259783831,1791608573042,drain,78150,78150,78150,0,32411
91272393085,1791608573054,drain,78150,78150,78150,0,32411
91372532590,1791608573154,drain,78150,78150,78150,0,32411
91482439971,1791608573264,drain,78150,78150,78150,0,32411
